'LittlewoodInverse.aspect_log_gain' depends on axioms: [propext, Classical.choice, Quot.sound]
'LittlewoodInverse.boundary_log_ratio_aspect' depends on axioms: [propext, Classical.choice, Quot.sound]
'LittlewoodInverse.aspect_boundary_budget' depends on axioms: [propext, Classical.choice, Quot.sound]
'LittlewoodInverse.affineImage_comp' depends on axioms: [propext, Classical.choice, Quot.sound]
'LittlewoodInverse.terminal_affine' depends on axioms: [propext, Classical.choice, Quot.sound]
'LittlewoodInverse.terminal_nonempty' depends on axioms: [propext, Classical.choice, Quot.sound]
'LittlewoodInverse.AssemblyLeafFamily.leaf_subset' depends on axioms: [propext, Classical.choice, Quot.sound]
'LittlewoodInverse.AssemblyLeafFamily.leaf_nonempty' depends on axioms: [propext, Classical.choice, Quot.sound]
'LittlewoodInverse.AssemblyLeafFamily.sum_card' depends on axioms: [propext, Classical.choice, Quot.sound]
'LittlewoodInverse.AssemblyLeafFamily.leaf_norm_le' depends on axioms: [propext, Classical.choice, Quot.sound]
'LittlewoodInverse.AssemblyLeafFamily.leaf_count_le' depends on axioms: [propext, Classical.choice, Quot.sound]
'LittlewoodInverse.AssemblyLeafFamily.threshold_count_mul_pow_le' depends on axioms: [propext,
 Classical.choice,
 Quot.sound]
'LittlewoodInverse.AssemblyLeafFamily.small_leaf_mass_le' depends on axioms: [propext, Classical.choice, Quot.sound]
'LittlewoodInverse.AssemblyLeafFamily.large_leaf_count_le' depends on axioms: [propext,
 Classical.choice,
 Quot.sound,
 LittlewoodInverse.External.mps_weighted]
'LittlewoodInverse.AssemblyLeafFamily.small_leaf_mass_log_bound' depends on axioms: [propext,
 Classical.choice,
 Quot.sound]
'LittlewoodInverse.assembly_has_terminal_leaves' depends on axioms: [propext, Classical.choice, Quot.sound]
'LittlewoodInverse.small_leaf_envelope_isLittleO' depends on axioms: [propext, Classical.choice, Quot.sound]
'LittlewoodInverse.eventually_small_leaf_envelope' depends on axioms: [propext, Classical.choice, Quot.sound]
'LittlewoodInverse.eventually_log_le_two_log_mul' depends on axioms: [propext, Classical.choice, Quot.sound]
'LittlewoodInverse.assembly_inverse_of_terminal' depends on axioms: [propext,
 Classical.choice,
 Quot.sound,
 LittlewoodInverse.External.mps_weighted]
'LittlewoodInverse.fourierPolynomial_continuous' depends on axioms: [propext, Classical.choice, Quot.sound]
'LittlewoodInverse.fourierPolynomial_integrable' depends on axioms: [propext, Classical.choice, Quot.sound]
'LittlewoodInverse.littlewoodNorm_nonneg' depends on axioms: [propext, Classical.choice, Quot.sound]
'LittlewoodInverse.littlewoodNorm_empty' depends on axioms: [propext, Classical.choice, Quot.sound]
'LittlewoodInverse.littlewoodNorm_singleton' depends on axioms: [propext, Classical.choice, Quot.sound]
'LittlewoodInverse.additiveEnergy_pos' depends on axioms: [propext, Classical.choice, Quot.sound]
'LittlewoodInverse.card_pow_four_le_sumset_mul_energy' depends on axioms: [propext, Classical.choice, Quot.sound]
'LittlewoodInverse.BinomialLimit.cast_choose_eq_prod' depends on axioms: [propext, Classical.choice, Quot.sound]
'LittlewoodInverse.BinomialLimit.tendsto_choose_affine_div_pow' depends on axioms: [propext,
 Classical.choice,
 Quot.sound]
'LittlewoodInverse.boundaryShift_injective' depends on axioms: [propext, Classical.choice, Quot.sound]
'LittlewoodInverse.mem_boundaryTranslate' depends on axioms: [propext, Classical.choice, Quot.sound]
'LittlewoodInverse.boundaryValue_formula' depends on axioms: [propext, Classical.choice, Quot.sound]
'LittlewoodInverse.boundaryValue_cases' depends on axioms: [propext, Classical.choice, Quot.sound]
'LittlewoodInverse.boundaryValue_ne_zero_iff' depends on axioms: [propext, Classical.choice, Quot.sound]
'LittlewoodInverse.boundaryMass_le' depends on axioms: [propext, Classical.choice, Quot.sound]
'LittlewoodInverse.boundary_nonzero' depends on axioms: [propext, Classical.choice, Quot.sound]
'LittlewoodInverse.boundaryMass_pos' depends on axioms: [propext, Classical.choice, Quot.sound]
'LittlewoodInverse.boundary_sum' depends on axioms: [propext, Classical.choice, Quot.sound]
'LittlewoodInverse.boundaryMass_eq_sum_sq' depends on axioms: [propext, Classical.choice, Quot.sound]
'LittlewoodInverse.boundaryPolynomial_continuous' depends on axioms: [propext, Classical.choice, Quot.sound]
'LittlewoodInverse.boundaryPolynomial_difference' depends on axioms: [propext, Classical.choice, Quot.sound]
'LittlewoodInverse.boundaryPolynomial_zero' depends on axioms: [propext, Classical.choice, Quot.sound]
'LittlewoodInverse.blockCellIndex_injective' depends on axioms: [propext, Classical.choice, Quot.sound]
'LittlewoodInverse.blockInflation_eq_image' depends on axioms: [propext, Classical.choice, Quot.sound]
'LittlewoodInverse.blockInflation_card' depends on axioms: [propext, Classical.choice, Quot.sound]
'LittlewoodInverse.fourier_nat_mul' depends on axioms: [propext, Classical.choice, Quot.sound]
'LittlewoodInverse.blockInflation_fourier' depends on axioms: [propext, Classical.choice, Quot.sound]
'LittlewoodInverse.block_boundary_identity' depends on axioms: [propext, Classical.choice, Quot.sound]
'LittlewoodInverse.boundary_dual_integrable' depends on axioms: [propext, Classical.choice, Quot.sound]
'LittlewoodInverse.mixedCharacter_continuous' depends on axioms: [propext, Classical.choice, Quot.sound]
'LittlewoodInverse.mixedCharacter_norm' depends on axioms: [propext, Classical.choice, Quot.sound]
'LittlewoodInverse.integral_mixedCharacter_pair' depends on axioms: [propext, Classical.choice, Quot.sound]
'LittlewoodInverse.integral_mixed_term_pair' depends on axioms: [propext, Classical.choice, Quot.sound]
'LittlewoodInverse.mixedPolynomial_continuous' depends on axioms: [propext, Classical.choice, Quot.sound]
'LittlewoodInverse.mixedPolynomial_pair' depends on axioms: [propext, Classical.choice, Quot.sound]
'LittlewoodInverse.mixedPolynomial_second_moment' depends on axioms: [propext, Classical.choice, Quot.sound]
'LittlewoodInverse.boundaryPolynomial_eq_mixed' depends on axioms: [propext, Classical.choice, Quot.sound]
'LittlewoodInverse.boundaryNorm_nonneg' depends on axioms: [propext, Classical.choice, Quot.sound]
'LittlewoodInverse.boundary_second_moment' depends on axioms: [propext, Classical.choice, Quot.sound]
'LittlewoodInverse.boundaryNorm_le_sqrt_mass' depends on axioms: [propext, Classical.choice, Quot.sound]
'LittlewoodInverse.mixedCoefficient_norm_le' depends on axioms: [propext, Classical.choice, Quot.sound]
'LittlewoodInverse.one_le_boundaryNorm' depends on axioms: [propext, Classical.choice, Quot.sound]
'LittlewoodInverse.boundaryVertical_continuous' depends on axioms: [propext, Classical.choice, Quot.sound]
'LittlewoodInverse.boundaryPolynomial_cyclic' depends on axioms: [propext, Classical.choice, Quot.sound]
'LittlewoodInverse.boundaryQ_continuous' depends on axioms: [propext, Classical.choice, Quot.sound]
'LittlewoodInverse.boundaryQ_nonneg' depends on axioms: [propext, Classical.choice, Quot.sound]
'LittlewoodInverse.boundaryQ_sq' depends on axioms: [propext, Classical.choice, Quot.sound]
'LittlewoodInverse.integral_boundaryQ_sq' depends on axioms: [propext, Classical.choice, Quot.sound]
'LittlewoodInverse.integral_boundaryQ_le' depends on axioms: [propext, Classical.choice, Quot.sound]
'LittlewoodInverse.boundaryPhase_sub_one_le' depends on axioms: [propext, Classical.choice, Quot.sound]
'LittlewoodInverse.cyclicPolynomial_integral_norm_le' depends on axioms: [propext, Classical.choice, Quot.sound]
'LittlewoodInverse.boundaryW_zero' depends on axioms: [propext, Classical.choice, Quot.sound]
'LittlewoodInverse.integral_boundaryW_zero' depends on axioms: [propext, Classical.choice, Quot.sound]
'LittlewoodInverse.boundary_freezing' depends on axioms: [propext, Classical.choice, Quot.sound]
'LittlewoodInverse.boundaryW_nonneg' depends on axioms: [propext, Classical.choice, Quot.sound]
'LittlewoodInverse.boundaryW_expansion' depends on axioms: [propext, Classical.choice, Quot.sound]
'LittlewoodInverse.q_smul_div_shift' depends on axioms: [propext, Classical.choice, Quot.sound]
'LittlewoodInverse.boundary_frequency_div_shift' depends on axioms: [propext, Classical.choice, Quot.sound]
'LittlewoodInverse.boundaryW_inflation_identity' depends on axioms: [propext, Classical.choice, Quot.sound]
'LittlewoodInverse.norm_one_sub_fourier_one' depends on axioms: [propext, Classical.choice, Quot.sound]
'LittlewoodInverse.sum_zmod_eq_sum_range' depends on axioms: [propext, Classical.choice, Quot.sound]
'LittlewoodInverse.residueNormAverage_nonneg' depends on axioms: [propext, Classical.choice, Quot.sound]
'LittlewoodInverse.residueNormAverage_continuous' depends on axioms: [propext, Classical.choice, Quot.sound]
'LittlewoodInverse.littlewoodNorm_eq_interval' depends on axioms: [propext, Classical.choice, Quot.sound]
'LittlewoodInverse.residueNormAverage_integral' depends on axioms: [propext, Classical.choice, Quot.sound]
'LittlewoodInverse.fourierPolynomial_neg_argument' depends on axioms: [propext, Classical.choice, Quot.sound]
'LittlewoodInverse.residueNormAverage_even' depends on axioms: [propext, Classical.choice, Quot.sound]
'LittlewoodInverse.residueNormAverage_half_integral' depends on axioms: [propext, Classical.choice, Quot.sound]
'LittlewoodInverse.two_mul_integral_residue_le' depends on axioms: [propext, Classical.choice, Quot.sound]
'LittlewoodInverse.boundaryW_continuous_s' depends on axioms: [propext, Classical.choice, Quot.sound]
'LittlewoodInverse.boundary_pointwise_lower' depends on axioms: [propext, Classical.choice, Quot.sound]
'LittlewoodInverse.circle_integral_eq_unit_interval' depends on axioms: [propext, Classical.choice, Quot.sound]
'LittlewoodInverse.boundaryW_zero_periodic' depends on axioms: [propext, Classical.choice, Quot.sound]
'LittlewoodInverse.boundaryQ_periodic' depends on axioms: [propext, Classical.choice, Quot.sound]
'LittlewoodInverse.boundary_arc_lower' depends on axioms: [propext, Classical.choice, Quot.sound]
'LittlewoodInverse.mem_cellResidues' depends on axioms: [propext, Classical.choice, Quot.sound]
'LittlewoodInverse.cell_membership_constant' depends on axioms: [propext, Classical.choice, Quot.sound]
'LittlewoodInverse.boundary_heights_bracket' depends on axioms: [propext, Classical.choice, Quot.sound]
'LittlewoodInverse.le_nextSlabHeight' depends on axioms: [propext, Classical.choice, Quot.sound]
'LittlewoodInverse.nextSlabHeight_le_of_mem' depends on axioms: [propext, Classical.choice, Quot.sound]
'LittlewoodInverse.nextSlabHeight_no_between' depends on axioms: [propext, Classical.choice, Quot.sound]
'LittlewoodInverse.cellSlab_subset' depends on axioms: [propext, Classical.choice, Quot.sound]
'LittlewoodInverse.cellSlab_disjoint' depends on axioms: [propext, Classical.choice, Quot.sound]
'LittlewoodInverse.cellSlabs_cover' depends on axioms: [propext, Classical.choice, Quot.sound]
'LittlewoodInverse.blockInflation_biUnion' depends on axioms: [propext, Classical.choice, Quot.sound]
'LittlewoodInverse.blockInflation_disjoint' depends on axioms: [propext, Classical.choice, Quot.sound]
'LittlewoodInverse.blockInflation_product_interval' depends on axioms: [propext, Classical.choice, Quot.sound]
'LittlewoodInverse.inflated_cellSlab' depends on axioms: [propext, Classical.choice, Quot.sound]
'LittlewoodInverse.Majority.abs_majority' depends on axioms: [propext, Classical.choice, Quot.sound]
'LittlewoodInverse.Majority.abs_sign' depends on axioms: [propext, Classical.choice, Quot.sound]
'LittlewoodInverse.Majority.abs_walsh' depends on axioms: [propext, Classical.choice, Quot.sound]
'LittlewoodInverse.Majority.bernoulliWeight_nonneg' depends on axioms: [propext, Classical.choice, Quot.sound]
'LittlewoodInverse.Majority.sum_bernoulliWeight' depends on axioms: [propext, Classical.choice, Quot.sound]
'LittlewoodInverse.Majority.bernoulliWeight_eq_product' depends on axioms: [propext, Classical.choice, Quot.sound]
'LittlewoodInverse.Majority.polynomial_eq_expectation' depends on axioms: [propext, Classical.choice, Quot.sound]
'LittlewoodInverse.Majority.polynomial_abs_le_one' depends on axioms: [propext, Classical.choice, Quot.sound]
'LittlewoodInverse.Majority.majority_compl' depends on axioms: [propext, Classical.choice, Quot.sound]
'LittlewoodInverse.Majority.sign_compl' depends on axioms: [propext, Classical.choice, Quot.sound]
'LittlewoodInverse.Majority.walsh_compl' depends on axioms: [propext, Classical.choice, Quot.sound]
'LittlewoodInverse.Majority.coefficient_even_eq_zero' depends on axioms: [propext, Classical.choice, Quot.sound]
'LittlewoodInverse.Majority.abs_coefficient_le_one' depends on axioms: [propext, Classical.choice, Quot.sound]
'LittlewoodInverse.Majority.coefficient_mass_le' depends on axioms: [propext, Classical.choice, Quot.sound]
'LittlewoodInverse.Majority.coefficient_singleton' depends on axioms: [propext, Classical.choice, Quot.sound]
'LittlewoodInverse.Majority.centralBinom_squared_lower' depends on axioms: [propext, Classical.choice, Quot.sound]
'LittlewoodInverse.Majority.normalized_centralBinom_squared_lower' depends on axioms: [propext,
 Classical.choice,
 Quot.sound]
'LittlewoodInverse.Majority.linear_amplitude_nonneg' depends on axioms: [propext, Classical.choice, Quot.sound]
'LittlewoodInverse.Majority.linear_amplitude_squared_lower' depends on axioms: [propext, Classical.choice, Quot.sound]
'LittlewoodInverse.Majority.linear_amplitude_ge_four_mul' depends on axioms: [propext, Classical.choice, Quot.sound]
'LittlewoodInverse.sine_reciprocal_error' depends on axioms: [propext, Classical.choice, Quot.sound]
'LittlewoodInverse.boundary_pointwise_asymptotic_error' depends on axioms: [propext, Classical.choice, Quot.sound]
'LittlewoodInverse.residueNormAverage_le_card' depends on axioms: [propext, Classical.choice, Quot.sound]
'LittlewoodInverse.boundary_asymptotic_cut_error' depends on axioms: [propext, Classical.choice, Quot.sound]
'LittlewoodInverse.boundary_asymptotic_explicit' depends on axioms: [propext, Classical.choice, Quot.sound]
'LittlewoodInverse.boundary_norm_asymptotic' depends on axioms: [propext, Classical.choice, Quot.sound]
'LittlewoodInverse.uniform_boundary_extraction' depends on axioms: [propext, Classical.choice, Quot.sound]
'LittlewoodInverse.boundary_log_ratio_lower' depends on axioms: [propext, Classical.choice, Quot.sound]
'LittlewoodInverse.constant_boundary_budget_of_log' depends on axioms: [propext, Classical.choice, Quot.sound]
'LittlewoodInverse.constant_boundary_budget' depends on axioms: [propext, Classical.choice, Quot.sound]
'LittlewoodInverse.BoundedCompositions.card_composition' depends on axioms: [propext, Classical.choice, Quot.sound]
'LittlewoodInverse.BoundedCompositions.sum_threshold' depends on axioms: [propext, Classical.choice, Quot.sound]
'LittlewoodInverse.BoundedCompositions.threshold_le_iff' depends on axioms: [propext, Quot.sound]
'LittlewoodInverse.BoundedCompositions.threshold_sum_le' depends on axioms: [propext, Classical.choice, Quot.sound]
'LittlewoodInverse.BoundedCompositions.bounded_eq_inf_compl' depends on axioms: [propext, Classical.choice, Quot.sound]
'LittlewoodInverse.BoundedCompositions.mem_inf_bad' depends on axioms: [propext, Classical.choice, Quot.sound]
'LittlewoodInverse.BoundedCompositions.card_inf_bad_of_le' depends on axioms: [propext, Classical.choice, Quot.sound]
'LittlewoodInverse.BoundedCompositions.card_inf_bad_of_gt' depends on axioms: [propext, Classical.choice, Quot.sound]
'LittlewoodInverse.BoundedCompositions.bounded_card_inclusion_exclusion' depends on axioms: [propext,
 Classical.choice,
 Quot.sound]
'LittlewoodInverse.BoundedCompositions.bounded_card_binomial_sum' depends on axioms: [propext,
 Classical.choice,
 Quot.sound]
'LittlewoodInverse.BoundedCompositions.bounded_card_eq_grid' depends on axioms: [propext, Classical.choice, Quot.sound]
'LittlewoodInverse.BoundedCompositions.interval_relationCount_eq_bounded' depends on axioms: [propext,
 Classical.choice,
 Quot.sound]
'LittlewoodInverse.BoundedCompositions.interval_relationCount_binomial' depends on axioms: [propext,
 Classical.choice,
 Quot.sound]
'LittlewoodInverse.residueHeight_injective' depends on axioms: [propext, Classical.choice, Quot.sound]
'LittlewoodInverse.arithmeticSlab_card' depends on axioms: [propext, Classical.choice, Quot.sound]
'LittlewoodInverse.arithmeticSlab_sum_subset' depends on axioms: [propext, Classical.choice, Quot.sound]
'LittlewoodInverse.carry_sumset_card' depends on axioms: [propext, Classical.choice, Quot.sound]
'LittlewoodInverse.carry_doubling' depends on axioms: [propext, Classical.choice, Quot.sound]
'LittlewoodInverse.absoluteValueApproximant_degree' depends on axioms: [propext, Classical.choice, Quot.sound]
'LittlewoodInverse.absoluteValueApproximant_error' depends on axioms: [propext, Classical.choice, Quot.sound]
'LittlewoodInverse.exists_even_absoluteValue_approximation' depends on axioms: [propext, Classical.choice, Quot.sound]
'LittlewoodInverse.freiman_norm_transport' depends on axioms: [propext, Classical.choice, Quot.sound]
'LittlewoodInverse.freiman_cardinality_order_norm_transport' depends on axioms: [propext, Classical.choice, Quot.sound]
'LittlewoodInverse.freiman_model_logarithmic_bound' depends on axioms: [propext, Classical.choice, Quot.sound]
'LittlewoodInverse.MomentCertificate.coefficientBound_valid' depends on axioms: [propext, Classical.choice, Quot.sound]
'LittlewoodInverse.MomentCertificate.coefficient_le_5' depends on axioms: [propext, Classical.choice, Quot.sound]
'LittlewoodInverse.MomentCertificate.coefficient_le_6' depends on axioms: [propext, Classical.choice, Quot.sound]
'LittlewoodInverse.MomentCertificate.coefficient_le_7' depends on axioms: [propext, Classical.choice, Quot.sound]
'LittlewoodInverse.MomentCertificate.coefficient_le_8' depends on axioms: [propext, Classical.choice, Quot.sound]
'LittlewoodInverse.MomentCertificate.coefficient_le_9' depends on axioms: [propext, Classical.choice, Quot.sound]
'LittlewoodInverse.MomentCertificate.coefficient_le_10' depends on axioms: [propext, Classical.choice, Quot.sound]
'LittlewoodInverse.MomentCertificate.coefficient_le_11' depends on axioms: [propext, Classical.choice, Quot.sound]
'LittlewoodInverse.MomentCertificate.coefficient_le_12' depends on axioms: [propext, Classical.choice, Quot.sound]
'LittlewoodInverse.MomentCertificate.coefficient_le_13' depends on axioms: [propext, Classical.choice, Quot.sound]
'LittlewoodInverse.MomentCertificate.coefficient_le_14' depends on axioms: [propext, Classical.choice, Quot.sound]
'LittlewoodInverse.MomentCertificate.coefficient_le_15' depends on axioms: [propext, Classical.choice, Quot.sound]
'LittlewoodInverse.MomentCertificate.coefficient_le_16' depends on axioms: [propext, Classical.choice, Quot.sound]
'LittlewoodInverse.MomentCertificate.coefficient_le_17' depends on axioms: [propext, Classical.choice, Quot.sound]
'LittlewoodInverse.MomentCertificate.coefficient_le_18' depends on axioms: [propext, Classical.choice, Quot.sound]
'LittlewoodInverse.MomentCertificate.coefficient_le_19' depends on axioms: [propext, Classical.choice, Quot.sound]
'LittlewoodInverse.MomentCertificate.coefficient_le_20' depends on axioms: [propext, Classical.choice, Quot.sound]
'LittlewoodInverse.MomentCertificate.coefficient_le_21' depends on axioms: [propext, Classical.choice, Quot.sound]
'LittlewoodInverse.MomentCertificate.coefficient_le_22' depends on axioms: [propext, Classical.choice, Quot.sound]
'LittlewoodInverse.MomentCertificate.coefficient_le_23' depends on axioms: [propext, Classical.choice, Quot.sound]
'LittlewoodInverse.MomentCertificate.coefficient_le_24' depends on axioms: [propext, Classical.choice, Quot.sound]
'LittlewoodInverse.MomentCertificate.coefficient_le_25' depends on axioms: [propext, Classical.choice, Quot.sound]
'LittlewoodInverse.MomentCertificate.coefficient_le_26' depends on axioms: [propext, Classical.choice, Quot.sound]
'LittlewoodInverse.MomentCertificate.coefficient_le_27' depends on axioms: [propext, Classical.choice, Quot.sound]
'LittlewoodInverse.MomentCertificate.coefficient_le_28' depends on axioms: [propext, Classical.choice, Quot.sound]
'LittlewoodInverse.MomentCertificate.coefficient_le_29' depends on axioms: [propext, Classical.choice, Quot.sound]
'LittlewoodInverse.MomentCertificate.coefficient_le_30' depends on axioms: [propext, Classical.choice, Quot.sound]
'LittlewoodInverse.MomentCertificate.coefficient_le_31' depends on axioms: [propext, Classical.choice, Quot.sound]
'LittlewoodInverse.MomentCertificate.coefficient_le_32' depends on axioms: [propext, Classical.choice, Quot.sound]
'LittlewoodInverse.MomentCertificate.coefficient_le_33' depends on axioms: [propext, Classical.choice, Quot.sound]
'LittlewoodInverse.MomentCertificate.coefficient_le_34' depends on axioms: [propext, Classical.choice, Quot.sound]
'LittlewoodInverse.MomentCertificate.coefficient_le_35' depends on axioms: [propext, Classical.choice, Quot.sound]
'LittlewoodInverse.MomentCertificate.coefficient_le_36' depends on axioms: [propext, Classical.choice, Quot.sound]
'LittlewoodInverse.MomentCertificate.coefficient_le_37' depends on axioms: [propext, Classical.choice, Quot.sound]
'LittlewoodInverse.MomentCertificate.coefficient_le_38' depends on axioms: [propext, Classical.choice, Quot.sound]
'LittlewoodInverse.MomentCertificate.coefficient_le_39' depends on axioms: [propext, Classical.choice, Quot.sound]
'LittlewoodInverse.MomentCertificate.coefficient_le_40' depends on axioms: [propext, Classical.choice, Quot.sound]
'LittlewoodInverse.MomentCertificate.coefficient_le_41' depends on axioms: [propext, Classical.choice, Quot.sound]
'LittlewoodInverse.MomentCertificate.coefficient_le_42' depends on axioms: [propext, Classical.choice, Quot.sound]
'LittlewoodInverse.MomentCertificate.coefficient_le_43' depends on axioms: [propext, Classical.choice, Quot.sound]
'LittlewoodInverse.MomentCertificate.coefficient_le_44' depends on axioms: [propext, Classical.choice, Quot.sound]
'LittlewoodInverse.MomentCertificate.coefficient_le_45' depends on axioms: [propext, Classical.choice, Quot.sound]
'LittlewoodInverse.MomentCertificate.coefficient_le_46' depends on axioms: [propext, Classical.choice, Quot.sound]
'LittlewoodInverse.MomentCertificate.coefficient_le_47' depends on axioms: [propext, Classical.choice, Quot.sound]
'LittlewoodInverse.MomentCertificate.coefficient_le_48' depends on axioms: [propext, Classical.choice, Quot.sound]
'LittlewoodInverse.MomentCertificate.coefficient_le_49' depends on axioms: [propext, Classical.choice, Quot.sound]
'LittlewoodInverse.MomentCertificate.coefficient_le_50' depends on axioms: [propext, Classical.choice, Quot.sound]
'LittlewoodInverse.MomentCertificate.coefficient_le_51' depends on axioms: [propext, Classical.choice, Quot.sound]
'LittlewoodInverse.MomentCertificate.coefficient_le_52' depends on axioms: [propext, Classical.choice, Quot.sound]
'LittlewoodInverse.MomentCertificate.coefficient_le_53' depends on axioms: [propext, Classical.choice, Quot.sound]
'LittlewoodInverse.MomentCertificate.coefficient_le_54' depends on axioms: [propext, Classical.choice, Quot.sound]
'LittlewoodInverse.MomentCertificate.coefficient_le_55' depends on axioms: [propext, Classical.choice, Quot.sound]
'LittlewoodInverse.MomentCertificate.coefficient_le_56' depends on axioms: [propext, Classical.choice, Quot.sound]
'LittlewoodInverse.MomentCertificate.coefficient_le_57' depends on axioms: [propext, Classical.choice, Quot.sound]
'LittlewoodInverse.MomentCertificate.coefficient_le_58' depends on axioms: [propext, Classical.choice, Quot.sound]
'LittlewoodInverse.MomentCertificate.coefficient_le_59' depends on axioms: [propext, Classical.choice, Quot.sound]
'LittlewoodInverse.MomentCertificate.coefficient_le_60' depends on axioms: [propext, Classical.choice, Quot.sound]
'LittlewoodInverse.MomentCertificate.coefficient_le_61' depends on axioms: [propext, Classical.choice, Quot.sound]
'LittlewoodInverse.MomentCertificate.coefficient_le_62' depends on axioms: [propext, Classical.choice, Quot.sound]
'LittlewoodInverse.MomentCertificate.coefficient_le_63' depends on axioms: [propext, Classical.choice, Quot.sound]
'LittlewoodInverse.MomentCertificate.coefficient_le_64' depends on axioms: [propext, Classical.choice, Quot.sound]
'LittlewoodInverse.MomentCertificate.coefficient_le_65' depends on axioms: [propext, Classical.choice, Quot.sound]
'LittlewoodInverse.MomentCertificate.coefficient_le_66' depends on axioms: [propext, Classical.choice, Quot.sound]
'LittlewoodInverse.MomentCertificate.coefficient_le_67' depends on axioms: [propext, Classical.choice, Quot.sound]
'LittlewoodInverse.MomentCertificate.coefficient_le_68' depends on axioms: [propext, Classical.choice, Quot.sound]
'LittlewoodInverse.MomentCertificate.coefficient_le_69' depends on axioms: [propext, Classical.choice, Quot.sound]
'LittlewoodInverse.MomentCertificate.coefficient_le_70' depends on axioms: [propext, Classical.choice, Quot.sound]
'LittlewoodInverse.MomentCertificate.coefficient_le_71' depends on axioms: [propext, Classical.choice, Quot.sound]
'LittlewoodInverse.MomentCertificate.coefficient_le_72' depends on axioms: [propext, Classical.choice, Quot.sound]
'LittlewoodInverse.MomentCertificate.coefficient_le_73' depends on axioms: [propext, Classical.choice, Quot.sound]
'LittlewoodInverse.MomentCertificate.coefficient_le_74' depends on axioms: [propext, Classical.choice, Quot.sound]
'LittlewoodInverse.MomentCertificate.coefficient_le_75' depends on axioms: [propext, Classical.choice, Quot.sound]
'LittlewoodInverse.MomentCertificate.coefficient_le_76' depends on axioms: [propext, Classical.choice, Quot.sound]
'LittlewoodInverse.MomentCertificate.coefficient_le_77' depends on axioms: [propext, Classical.choice, Quot.sound]
'LittlewoodInverse.MomentCertificate.coefficient_le_78' depends on axioms: [propext, Classical.choice, Quot.sound]
'LittlewoodInverse.MomentCertificate.coefficient_le_79' depends on axioms: [propext, Classical.choice, Quot.sound]
'LittlewoodInverse.MomentCertificate.coefficient_le_80' depends on axioms: [propext, Classical.choice, Quot.sound]
'LittlewoodInverse.MomentCertificate.coefficient_le_81' depends on axioms: [propext, Classical.choice, Quot.sound]
'LittlewoodInverse.MomentCertificate.coefficient_le_82' depends on axioms: [propext, Classical.choice, Quot.sound]
'LittlewoodInverse.MomentCertificate.coefficient_le_83' depends on axioms: [propext, Classical.choice, Quot.sound]
'LittlewoodInverse.MomentCertificate.coefficient_le_84' depends on axioms: [propext, Classical.choice, Quot.sound]
'LittlewoodInverse.MomentCertificate.coefficient_le_85' depends on axioms: [propext, Classical.choice, Quot.sound]
'LittlewoodInverse.MomentCertificate.coefficient_le_86' depends on axioms: [propext, Classical.choice, Quot.sound]
'LittlewoodInverse.MomentCertificate.coefficient_le_87' depends on axioms: [propext, Classical.choice, Quot.sound]
'LittlewoodInverse.MomentCertificate.coefficient_le_88' depends on axioms: [propext, Classical.choice, Quot.sound]
'LittlewoodInverse.MomentCertificate.coefficient_le_89' depends on axioms: [propext, Classical.choice, Quot.sound]
'LittlewoodInverse.MomentCertificate.coefficient_le_90' depends on axioms: [propext, Classical.choice, Quot.sound]
'LittlewoodInverse.MomentCertificate.coefficient_le_91' depends on axioms: [propext, Classical.choice, Quot.sound]
'LittlewoodInverse.MomentCertificate.coefficient_le_92' depends on axioms: [propext, Classical.choice, Quot.sound]
'LittlewoodInverse.MomentCertificate.coefficient_le_93' depends on axioms: [propext, Classical.choice, Quot.sound]
'LittlewoodInverse.MomentCertificate.coefficient_le_94' depends on axioms: [propext, Classical.choice, Quot.sound]
'LittlewoodInverse.MomentCertificate.coefficient_le_95' depends on axioms: [propext, Classical.choice, Quot.sound]
'LittlewoodInverse.MomentCertificate.coefficient_le_96' depends on axioms: [propext, Classical.choice, Quot.sound]
'LittlewoodInverse.MomentCertificate.coefficient_le_97' depends on axioms: [propext, Classical.choice, Quot.sound]
'LittlewoodInverse.MomentCertificate.coefficient_le_98' depends on axioms: [propext, Classical.choice, Quot.sound]
'LittlewoodInverse.MomentCertificate.coefficient_le_99' depends on axioms: [propext, Classical.choice, Quot.sound]
'LittlewoodInverse.MomentCertificate.coefficient_le_100' depends on axioms: [propext, Classical.choice, Quot.sound]
'LittlewoodInverse.MomentCertificate.coefficient_le_101' depends on axioms: [propext, Classical.choice, Quot.sound]
'LittlewoodInverse.MomentCertificate.coefficient_le_102' depends on axioms: [propext, Classical.choice, Quot.sound]
'LittlewoodInverse.MomentCertificate.coefficient_le_103' depends on axioms: [propext, Classical.choice, Quot.sound]
'LittlewoodInverse.MomentCertificate.coefficient_le_104' depends on axioms: [propext, Classical.choice, Quot.sound]
'LittlewoodInverse.MomentCertificate.coefficient_le_105' depends on axioms: [propext, Classical.choice, Quot.sound]
'LittlewoodInverse.MomentCertificate.coefficient_le_106' depends on axioms: [propext, Classical.choice, Quot.sound]
'LittlewoodInverse.MomentCertificate.coefficient_le_107' depends on axioms: [propext, Classical.choice, Quot.sound]
'LittlewoodInverse.MomentCertificate.coefficient_le_108' depends on axioms: [propext, Classical.choice, Quot.sound]
'LittlewoodInverse.MomentCertificate.coefficient_le_109' depends on axioms: [propext, Classical.choice, Quot.sound]
'LittlewoodInverse.MomentCertificate.coefficient_le_110' depends on axioms: [propext, Classical.choice, Quot.sound]
'LittlewoodInverse.MomentCertificate.coefficient_le_111' depends on axioms: [propext, Classical.choice, Quot.sound]
'LittlewoodInverse.MomentCertificate.coefficient_le_112' depends on axioms: [propext, Classical.choice, Quot.sound]
'LittlewoodInverse.MomentCertificate.coefficient_le_113' depends on axioms: [propext, Classical.choice, Quot.sound]
'LittlewoodInverse.MomentCertificate.coefficient_le_114' depends on axioms: [propext, Classical.choice, Quot.sound]
'LittlewoodInverse.MomentCertificate.coefficient_le_115' depends on axioms: [propext, Classical.choice, Quot.sound]
'LittlewoodInverse.MomentCertificate.coefficient_le_116' depends on axioms: [propext, Classical.choice, Quot.sound]
'LittlewoodInverse.MomentCertificate.coefficient_le_117' depends on axioms: [propext, Classical.choice, Quot.sound]
'LittlewoodInverse.MomentCertificate.coefficient_le_118' depends on axioms: [propext, Classical.choice, Quot.sound]
'LittlewoodInverse.MomentCertificate.coefficient_le_119' depends on axioms: [propext, Classical.choice, Quot.sound]
'LittlewoodInverse.MomentCertificate.coefficient_le_120' depends on axioms: [propext, Classical.choice, Quot.sound]
'LittlewoodInverse.MomentCertificate.coefficient_le_121' depends on axioms: [propext, Classical.choice, Quot.sound]
'LittlewoodInverse.MomentCertificate.coefficient_le_122' depends on axioms: [propext, Classical.choice, Quot.sound]
'LittlewoodInverse.MomentCertificate.coefficient_le_123' depends on axioms: [propext, Classical.choice, Quot.sound]
'LittlewoodInverse.MomentCertificate.coefficient_le_124' depends on axioms: [propext, Classical.choice, Quot.sound]
'LittlewoodInverse.MomentCertificate.coefficient_le_125' depends on axioms: [propext, Classical.choice, Quot.sound]
'LittlewoodInverse.MomentCertificate.coefficient_le_126' depends on axioms: [propext, Classical.choice, Quot.sound]
'LittlewoodInverse.MomentCertificate.coefficient_le_127' depends on axioms: [propext, Classical.choice, Quot.sound]
'LittlewoodInverse.MomentCertificate.coefficient_le_128' depends on axioms: [propext, Classical.choice, Quot.sound]
'LittlewoodInverse.MomentCertificate.coefficient_le_129' depends on axioms: [propext, Classical.choice, Quot.sound]
'LittlewoodInverse.MomentCertificate.coefficient_le_130' depends on axioms: [propext, Classical.choice, Quot.sound]
'LittlewoodInverse.MomentCertificate.coefficient_le_131' depends on axioms: [propext, Classical.choice, Quot.sound]
'LittlewoodInverse.MomentCertificate.coefficient_le_132' depends on axioms: [propext, Classical.choice, Quot.sound]
'LittlewoodInverse.MomentCertificate.coefficient_le_133' depends on axioms: [propext, Classical.choice, Quot.sound]
'LittlewoodInverse.MomentCertificate.coefficient_le_134' depends on axioms: [propext, Classical.choice, Quot.sound]
'LittlewoodInverse.MomentCertificate.coefficient_le_135' depends on axioms: [propext, Classical.choice, Quot.sound]
'LittlewoodInverse.MomentCertificate.coefficient_le_136' depends on axioms: [propext, Classical.choice, Quot.sound]
'LittlewoodInverse.MomentCertificate.coefficient_le_137' depends on axioms: [propext, Classical.choice, Quot.sound]
'LittlewoodInverse.MomentCertificate.coefficient_le_138' depends on axioms: [propext, Classical.choice, Quot.sound]
'LittlewoodInverse.MomentCertificate.coefficient_le_139' depends on axioms: [propext, Classical.choice, Quot.sound]
'LittlewoodInverse.MomentCertificate.coefficient_le_140' depends on axioms: [propext, Classical.choice, Quot.sound]
'LittlewoodInverse.MomentCertificate.coefficient_le_141' depends on axioms: [propext, Classical.choice, Quot.sound]
'LittlewoodInverse.MomentCertificate.coefficient_le_142' depends on axioms: [propext, Classical.choice, Quot.sound]
'LittlewoodInverse.MomentCertificate.coefficient_le_143' depends on axioms: [propext, Classical.choice, Quot.sound]
'LittlewoodInverse.MomentCertificate.coefficient_le_144' depends on axioms: [propext, Classical.choice, Quot.sound]
'LittlewoodInverse.MomentCertificate.coefficient_le_145' depends on axioms: [propext, Classical.choice, Quot.sound]
'LittlewoodInverse.MomentCertificate.coefficient_le_146' depends on axioms: [propext, Classical.choice, Quot.sound]
'LittlewoodInverse.MomentCertificate.coefficient_le_147' depends on axioms: [propext, Classical.choice, Quot.sound]
'LittlewoodInverse.MomentCertificate.coefficient_le_148' depends on axioms: [propext, Classical.choice, Quot.sound]
'LittlewoodInverse.MomentCertificate.coefficient_le_149' depends on axioms: [propext, Classical.choice, Quot.sound]
'LittlewoodInverse.MomentCertificate.coefficient_le_150' depends on axioms: [propext, Classical.choice, Quot.sound]
'LittlewoodInverse.MomentCertificate.coefficient_le_151' depends on axioms: [propext, Classical.choice, Quot.sound]
'LittlewoodInverse.MomentCertificate.coefficient_le_152' depends on axioms: [propext, Classical.choice, Quot.sound]
'LittlewoodInverse.MomentCertificate.coefficient_le_153' depends on axioms: [propext, Classical.choice, Quot.sound]
'LittlewoodInverse.MomentCertificate.coefficient_le_154' depends on axioms: [propext, Classical.choice, Quot.sound]
'LittlewoodInverse.MomentCertificate.coefficient_le_155' depends on axioms: [propext, Classical.choice, Quot.sound]
'LittlewoodInverse.MomentCertificate.coefficient_le_156' depends on axioms: [propext, Classical.choice, Quot.sound]
'LittlewoodInverse.MomentCertificate.coefficient_le_157' depends on axioms: [propext, Classical.choice, Quot.sound]
'LittlewoodInverse.MomentCertificate.coefficient_le_158' depends on axioms: [propext, Classical.choice, Quot.sound]
'LittlewoodInverse.MomentCertificate.coefficient_le_159' depends on axioms: [propext, Classical.choice, Quot.sound]
'LittlewoodInverse.MomentCertificate.coefficient_le_160' depends on axioms: [propext, Classical.choice, Quot.sound]
'LittlewoodInverse.mem_boundaryHeights' depends on axioms: [propext, Classical.choice, Quot.sound]
'LittlewoodInverse.boundaryValue_zero_of_height_not_mem' depends on axioms: [propext, Classical.choice, Quot.sound]
'LittlewoodInverse.boundaryValue_zero_of_not_mem_carrier' depends on axioms: [propext, Classical.choice, Quot.sound]
'LittlewoodInverse.boundaryRowNorm_nonneg' depends on axioms: [propext, Classical.choice, Quot.sound]
'LittlewoodInverse.boundaryRow_zero_of_not_mem' depends on axioms: [propext, Classical.choice, Quot.sound]
'LittlewoodInverse.boundary_sum_rows' depends on axioms: [propext, Classical.choice, Quot.sound]
'LittlewoodInverse.boundaryPolynomial_eq_rows' depends on axioms: [propext, Classical.choice, Quot.sound]
'LittlewoodInverse.boundaryRow_eq_coefficient' depends on axioms: [propext, Classical.choice, Quot.sound]
'LittlewoodInverse.boundaryRow_norm_le_circleIntegral' depends on axioms: [propext, Classical.choice, Quot.sound]
'LittlewoodInverse.boundaryNorm_eq_iterated' depends on axioms: [propext, Classical.choice, Quot.sound]
'LittlewoodInverse.boundaryRowNorm_le' depends on axioms: [propext, Classical.choice, Quot.sound]
'LittlewoodInverse.one_le_boundaryRowNorm' depends on axioms: [propext, Classical.choice, Quot.sound]
'LittlewoodInverse.boundaryPolynomial_eq_sorted' depends on axioms: [propext, Classical.choice, Quot.sound]
'LittlewoodInverse.exists_boundary_log_bound' depends on axioms: [propext,
 Classical.choice,
 Quot.sound,
 LittlewoodInverse.External.mps_weighted]
'LittlewoodInverse.exists_boundary_height_bound' depends on axioms: [propext,
 Classical.choice,
 Quot.sound,
 LittlewoodInverse.External.mps_weighted]
'LittlewoodInverse.cyclicPolynomial_cellResidues' depends on axioms: [propext, Classical.choice, Quot.sound]
'LittlewoodInverse.boundaryRow_sum_telescope' depends on axioms: [propext, Classical.choice, Quot.sound]
'LittlewoodInverse.cellResidues_norm_le_boundary' depends on axioms: [propext, Classical.choice, Quot.sound]
'LittlewoodInverse.compactCharacter_zero' depends on axioms: [propext, Classical.choice, Quot.sound]
'LittlewoodInverse.norm_compactCharacter' depends on axioms: [propext, Classical.choice, Quot.sound]
'LittlewoodInverse.continuous_compactCharacter' depends on axioms: [propext, Classical.choice, Quot.sound]
'LittlewoodInverse.compactCharacter_add' depends on axioms: [propext, Classical.choice, Quot.sound]
'LittlewoodInverse.compactCharacter_neg' depends on axioms: [propext, Classical.choice, Quot.sound]
'LittlewoodInverse.compactCharacter_mul' depends on axioms: [propext, Classical.choice, Quot.sound]
'LittlewoodInverse.compact_integrable' depends on axioms: [propext, Classical.choice, Quot.sound]
'LittlewoodInverse.integral_compactCharacter' depends on axioms: [propext, Classical.choice, Quot.sound]
'LittlewoodInverse.integral_compactCharacter_mul_conj' depends on axioms: [propext, Classical.choice, Quot.sound]
'LittlewoodInverse.continuous_compactPolynomial' depends on axioms: [propext, Classical.choice, Quot.sound]
'LittlewoodInverse.integral_compactPolynomial' depends on axioms: [propext, Classical.choice, Quot.sound]
'LittlewoodInverse.integral_compact_term_pair' depends on axioms: [propext, Classical.choice, Quot.sound]
'LittlewoodInverse.integral_compactPolynomial_pair' depends on axioms: [propext, Classical.choice, Quot.sound]
'LittlewoodInverse.integral_compactPolynomial_norm_sq' depends on axioms: [propext, Classical.choice, Quot.sound]
'LittlewoodInverse.integral_compact_indexed_norm_sq' depends on axioms: [propext, Classical.choice, Quot.sound]
'LittlewoodInverse.compactPolynomial_sq' depends on axioms: [propext, Classical.choice, Quot.sound]
'LittlewoodInverse.integral_compactPolynomial_norm_four' depends on axioms: [propext, Classical.choice, Quot.sound]
'LittlewoodInverse.discrete_freiman_norm_transport' depends on axioms: [propext, Classical.choice, Quot.sound]
'LittlewoodInverse.discrete_freiman_transport' depends on axioms: [propext, Classical.choice, Quot.sound]
'LittlewoodInverse.discrete_freiman_cardinality_order_norm_transport' depends on axioms: [propext,
 Classical.choice,
 Quot.sound]
'LittlewoodInverse.discrete_model_family_norm_transport' depends on axioms: [propext, Classical.choice, Quot.sound]
'LittlewoodInverse.compactCharacter_sum' depends on axioms: [propext, Classical.choice, Quot.sound]
'LittlewoodInverse.compactSet_polynomial_pow' depends on axioms: [propext, Classical.choice, Quot.sound]
'LittlewoodInverse.compactSet_norm_even_pow_expansion' depends on axioms: [propext, Classical.choice, Quot.sound]
'LittlewoodInverse.integral_compactSet_even_moment' depends on axioms: [propext, Classical.choice, Quot.sound]
'LittlewoodInverse.compact_freiman_relationCount' depends on axioms: [propext, Classical.choice, Quot.sound]
'LittlewoodInverse.compact_freiman_integral_even_moment' depends on axioms: [propext, Classical.choice, Quot.sound]
'LittlewoodInverse.integral_compactSet_norm_four' depends on axioms: [propext, Classical.choice, Quot.sound]
'LittlewoodInverse.compact_spectral_hereditary_energy' depends on axioms: [propext, Classical.choice, Quot.sound]
'LittlewoodInverse.discrete_spectral_hereditary_energy' depends on axioms: [propext, Classical.choice, Quot.sound]
'LittlewoodInverse.compact_sidon_fourth_term_le' depends on axioms: [propext, Classical.choice, Quot.sound]
'LittlewoodInverse.compact_sidon_fourth_moment' depends on axioms: [propext, Classical.choice, Quot.sound]
'LittlewoodInverse.compact_sidon_zero_sum' depends on axioms: [propext, Quot.sound]
'LittlewoodInverse.compact_sidon_square_moment_zero' depends on axioms: [propext, Classical.choice, Quot.sound]
'LittlewoodInverse.compactPolynomial_split_constant' depends on axioms: [propext, Classical.choice, Quot.sound]
'LittlewoodInverse.compact_coefficient_second_split' depends on axioms: [propext, Classical.choice, Quot.sound]
'LittlewoodInverse.compact_sidon_normalized_twentieth' depends on axioms: [propext, Classical.choice, Quot.sound]
'LittlewoodInverse.compact_additiveSidon_image_sub' depends on axioms: [propext, Classical.choice, Quot.sound]
'LittlewoodInverse.compact_sidon_twentieth' depends on axioms: [propext, Classical.choice, Quot.sound]
'LittlewoodInverse.compact_sidon_constant_one' depends on axioms: [propext, Classical.choice, Quot.sound]
'LittlewoodInverse.compact_dual_sidon_constant_one' depends on axioms: [propext, Classical.choice, Quot.sound]
'LittlewoodInverse.norm_polynomial_approximation_integral' depends on axioms: [propext, Classical.choice, Quot.sound]
'LittlewoodInverse.integral_norm_transport_of_moments' depends on axioms: [propext, Classical.choice, Quot.sound]
'LittlewoodInverse.compactSet_norm_le_card' depends on axioms: [propext, Classical.choice, Quot.sound]
'LittlewoodInverse.compact_freiman_norm_transport' depends on axioms: [propext, Classical.choice, Quot.sound]
'LittlewoodInverse.compact_freiman_cardinality_order_norm_transport' depends on axioms: [propext,
 Classical.choice,
 Quot.sound]
'LittlewoodInverse.macroscopic_energy_corollary' depends on axioms: [propext,
 Classical.choice,
 Quot.sound,
 LittlewoodInverse.External.mps_weighted,
 LittlewoodInverse.External.polynomial_bsg]
'LittlewoodInverse.exceptional_perturbation_corollary' depends on axioms: [propext,
 Classical.choice,
 Quot.sound,
 LittlewoodInverse.External.mps_weighted,
 LittlewoodInverse.External.polynomial_bsg]
'LittlewoodInverse.canonical_coset_lift' depends on axioms: [propext, Classical.choice, Quot.sound]
'LittlewoodInverse.cyclic_coset_lift' depends on axioms: [propext, Classical.choice, Quot.sound]
'LittlewoodInverse.mem_arithmeticSlab_iff' depends on axioms: [propext, Classical.choice, Quot.sound]
'LittlewoodInverse.signed_indicator_lift' depends on axioms: [propext, Classical.choice, Quot.sound]
'LittlewoodInverse.signed_progression_lift' depends on axioms: [propext, Classical.choice, Quot.sound]
'LittlewoodInverse.covering_intersection' depends on axioms: [propext, Classical.choice, Quot.sound]
'LittlewoodInverse.energy_from_cover' depends on axioms: [propext, Classical.choice, Quot.sound]
'LittlewoodInverse.almostCover_freiman_map' depends on axioms: [propext, Classical.choice, Quot.sound]
'LittlewoodInverse.almostCover_freiman_iff' depends on axioms: [propext, Classical.choice, Quot.sound]
'LittlewoodInverse.almostCover_mono' depends on axioms: [propext, Classical.choice, Quot.sound]
'LittlewoodInverse.assembly_glue_covers' depends on axioms: [propext, Classical.choice, Quot.sound]
'LittlewoodInverse.mem_cyclicProgressionCoset' depends on axioms: [propext, Classical.choice, Quot.sound]
'LittlewoodInverse.cyclic_subgroup_modulus' depends on axioms: [propext, Classical.choice, Quot.sound]
'LittlewoodInverse.cyclic_coset_normal_form' depends on axioms: [propext, Classical.choice, Quot.sound]
'LittlewoodInverse.integral_cyclicMeasure' depends on axioms: [propext, Classical.choice, Quot.sound]
'LittlewoodInverse.cyclicCharacter_zero' depends on axioms: [propext, Classical.choice, Quot.sound]
'LittlewoodInverse.norm_cyclicCharacter' depends on axioms: [propext, Classical.choice, Quot.sound]
'LittlewoodInverse.cyclicCharacter_add' depends on axioms: [propext, Classical.choice, Quot.sound]
'LittlewoodInverse.integral_cyclicCharacter' depends on axioms: [propext, Classical.choice, Quot.sound]
'LittlewoodInverse.cyclic_integrable' depends on axioms: [propext, Classical.choice, Quot.sound]
'LittlewoodInverse.cyclicCharacter_neg' depends on axioms: [propext, Classical.choice, Quot.sound]
'LittlewoodInverse.integral_cyclicCharacter_mul_conj' depends on axioms: [propext, Classical.choice, Quot.sound]
'LittlewoodInverse.integral_cyclicPolynomial' depends on axioms: [propext, Classical.choice, Quot.sound]
'LittlewoodInverse.integral_cyclic_term_pair' depends on axioms: [propext, Classical.choice, Quot.sound]
'LittlewoodInverse.integral_cyclicPolynomial_pair' depends on axioms: [propext, Classical.choice, Quot.sound]
'LittlewoodInverse.integral_cyclicPolynomial_norm_sq' depends on axioms: [propext, Classical.choice, Quot.sound]
'LittlewoodInverse.integral_cyclic_indexed_norm_sq' depends on axioms: [propext, Classical.choice, Quot.sound]
'LittlewoodInverse.cyclicPolynomial_sq' depends on axioms: [propext, Classical.choice, Quot.sound]
'LittlewoodInverse.integral_cyclicPolynomial_norm_four' depends on axioms: [propext, Classical.choice, Quot.sound]
'LittlewoodInverse.sidon_fourth_term_le' depends on axioms: [propext, Classical.choice, Quot.sound]
'LittlewoodInverse.cyclic_sidon_fourth_moment' depends on axioms: [propext, Classical.choice, Quot.sound]
'LittlewoodInverse.sidon_zero_sum' depends on axioms: [propext, Quot.sound]
'LittlewoodInverse.cyclic_sidon_square_moment_zero' depends on axioms: [propext, Classical.choice, Quot.sound]
'LittlewoodInverse.cyclicPolynomial_split_constant' depends on axioms: [propext, Classical.choice, Quot.sound]
'LittlewoodInverse.cyclic_coefficient_second_split' depends on axioms: [propext, Classical.choice, Quot.sound]
'LittlewoodInverse.cyclic_sidon_normalized_twentieth' depends on axioms: [propext, Classical.choice, Quot.sound]
'LittlewoodInverse.additiveSidon_image_sub' depends on axioms: [propext, Classical.choice, Quot.sound]
'LittlewoodInverse.cyclic_sidon_twentieth' depends on axioms: [propext, Classical.choice, Quot.sound]
'LittlewoodInverse.integral_cyclicSet_norm_four' depends on axioms: [propext, Classical.choice, Quot.sound]
'LittlewoodInverse.cyclic_spectral_hereditary_energy' depends on axioms: [propext, Classical.choice, Quot.sound]
'LittlewoodInverse.cyclicCoefficient_norm_le_integral' depends on axioms: [propext, Classical.choice, Quot.sound]
'LittlewoodInverse.one_le_cyclicLittlewoodNorm' depends on axioms: [propext, Classical.choice, Quot.sound]
'LittlewoodInverse.cyclicLittlewoodNorm_nonneg' depends on axioms: [propext, Classical.choice, Quot.sound]
'LittlewoodInverse.cyclicLittlewoodNorm_le_sqrt_card' depends on axioms: [propext, Classical.choice, Quot.sound]
'LittlewoodInverse.dampedTest_norm_le' depends on axioms: [propext, Classical.choice, Quot.sound]
'LittlewoodInverse.dampingTail_memLp' depends on axioms: [propext, Classical.choice, Quot.sound]
'LittlewoodInverse.dampingTail_support' depends on axioms: [propext, Classical.choice, Quot.sound]
'LittlewoodInverse.circlePairing_norm_le_littlewoodNorm' depends on axioms: [propext, Classical.choice, Quot.sound]
'LittlewoodInverse.dampedTest_lower_bound' depends on axioms: [propext, Classical.choice, Quot.sound]
'LittlewoodInverse.dense_blocks_cover' depends on axioms: [propext,
 Classical.choice,
 Quot.sound,
 LittlewoodInverse.External.mps_weighted,
 LittlewoodInverse.External.polynomial_bsg]
'LittlewoodInverse.Majority.GoodSet.mono' depends on axioms: [propext, Classical.choice, Quot.sound]
'LittlewoodInverse.Majority.dense_good_sets' depends on axioms: [propext, Classical.choice, Quot.sound]
'LittlewoodInverse.Majority.dense_mixed_correlations' depends on axioms: [propext, Classical.choice, Quot.sound]
'LittlewoodInverse.fourier_nat_pow' depends on axioms: [propext, Classical.choice, Quot.sound]
'LittlewoodInverse.intervalPolynomial_eq_geom_sum' depends on axioms: [propext, Classical.choice, Quot.sound]
'LittlewoodInverse.norm_fourier_sub_one' depends on axioms: [propext, Classical.choice, Quot.sound]
'LittlewoodInverse.intervalPolynomial_norm_mul_sin' depends on axioms: [propext, Classical.choice, Quot.sound]
'LittlewoodInverse.intervalPolynomial_norm_eq_sin_div' depends on axioms: [propext, Classical.choice, Quot.sound]
'LittlewoodInverse.normalized_intervalPolynomial_eq_sinc' depends on axioms: [propext, Classical.choice, Quot.sound]
'LittlewoodInverse.rationalCircleCast_coe' depends on axioms: [propext, Classical.choice, Quot.sound]
'LittlewoodInverse.rationalCircleCast_injective' depends on axioms: [propext, Classical.choice, Quot.sound]
'LittlewoodInverse.discrete_characters_separate' depends on axioms: [propext, Classical.choice, Quot.sound]
'LittlewoodInverse.discreteEvaluation_apply' depends on axioms: [propext, Classical.choice, Quot.sound]
'LittlewoodInverse.discreteEvaluation_injective' depends on axioms: [propext, Classical.choice, Quot.sound]
'LittlewoodInverse.MomentCertificate.sincMoment_4' depends on axioms: [propext, Classical.choice, Quot.sound]
'LittlewoodInverse.MomentCertificate.sincMoment_6' depends on axioms: [propext, Classical.choice, Quot.sound]
'LittlewoodInverse.MomentCertificate.sincMoment_8' depends on axioms: [propext, Classical.choice, Quot.sound]
'LittlewoodInverse.MomentCertificate.sincMoment_10' depends on axioms: [propext, Classical.choice, Quot.sound]
'LittlewoodInverse.MomentCertificate.sincMoment_12' depends on axioms: [propext, Classical.choice, Quot.sound]
'LittlewoodInverse.MomentCertificate.sincMoment_14' depends on axioms: [propext, Classical.choice, Quot.sound]
'LittlewoodInverse.MomentCertificate.sincMoment_16' depends on axioms: [propext, Classical.choice, Quot.sound]
'LittlewoodInverse.MomentCertificate.sincMoment_18' depends on axioms: [propext, Classical.choice, Quot.sound]
'LittlewoodInverse.MomentCertificate.sincMoment_20' depends on axioms: [propext, Classical.choice, Quot.sound]
'LittlewoodInverse.MomentCertificate.sincMoment_22' depends on axioms: [propext, Classical.choice, Quot.sound]
'LittlewoodInverse.MomentCertificate.sincMoment_24' depends on axioms: [propext, Classical.choice, Quot.sound]
'LittlewoodInverse.MomentCertificate.sincMoment_26' depends on axioms: [propext, Classical.choice, Quot.sound]
'LittlewoodInverse.MomentCertificate.sincMoment_28' depends on axioms: [propext, Classical.choice, Quot.sound]
'LittlewoodInverse.MomentCertificate.sincMoment_30' depends on axioms: [propext, Classical.choice, Quot.sound]
'LittlewoodInverse.MomentCertificate.sincMoment_32' depends on axioms: [propext, Classical.choice, Quot.sound]
'LittlewoodInverse.MomentCertificate.sincMoment_34' depends on axioms: [propext, Classical.choice, Quot.sound]
'LittlewoodInverse.MomentCertificate.sincMoment_36' depends on axioms: [propext, Classical.choice, Quot.sound]
'LittlewoodInverse.MomentCertificate.sincMoment_38' depends on axioms: [propext, Classical.choice, Quot.sound]
'LittlewoodInverse.MomentCertificate.sincMoment_40' depends on axioms: [propext, Classical.choice, Quot.sound]
'LittlewoodInverse.MomentCertificate.sincMoment_42' depends on axioms: [propext, Classical.choice, Quot.sound]
'LittlewoodInverse.MomentCertificate.sincMoment_44' depends on axioms: [propext, Classical.choice, Quot.sound]
'LittlewoodInverse.MomentCertificate.sincMoment_46' depends on axioms: [propext, Classical.choice, Quot.sound]
'LittlewoodInverse.MomentCertificate.sincMoment_48' depends on axioms: [propext, Classical.choice, Quot.sound]
'LittlewoodInverse.MomentCertificate.sincMoment_50' depends on axioms: [propext, Classical.choice, Quot.sound]
'LittlewoodInverse.MomentCertificate.sincMoment_52' depends on axioms: [propext, Classical.choice, Quot.sound]
'LittlewoodInverse.MomentCertificate.sincMoment_54' depends on axioms: [propext, Classical.choice, Quot.sound]
'LittlewoodInverse.MomentCertificate.sincMoment_56' depends on axioms: [propext, Classical.choice, Quot.sound]
'LittlewoodInverse.MomentCertificate.sincMoment_58' depends on axioms: [propext, Classical.choice, Quot.sound]
'LittlewoodInverse.MomentCertificate.sincMoment_60' depends on axioms: [propext, Classical.choice, Quot.sound]
'LittlewoodInverse.MomentCertificate.sincMoment_62' depends on axioms: [propext, Classical.choice, Quot.sound]
'LittlewoodInverse.MomentCertificate.sincMoment_64' depends on axioms: [propext, Classical.choice, Quot.sound]
'LittlewoodInverse.MomentCertificate.sincMoment_66' depends on axioms: [propext, Classical.choice, Quot.sound]
'LittlewoodInverse.MomentCertificate.sincMoment_68' depends on axioms: [propext, Classical.choice, Quot.sound]
'LittlewoodInverse.MomentCertificate.sincMoment_70' depends on axioms: [propext, Classical.choice, Quot.sound]
'LittlewoodInverse.MomentCertificate.sincMoment_72' depends on axioms: [propext, Classical.choice, Quot.sound]
'LittlewoodInverse.MomentCertificate.sincMoment_74' depends on axioms: [propext, Classical.choice, Quot.sound]
'LittlewoodInverse.MomentCertificate.sincMoment_76' depends on axioms: [propext, Classical.choice, Quot.sound]
'LittlewoodInverse.MomentCertificate.sincMoment_78' depends on axioms: [propext, Classical.choice, Quot.sound]
'LittlewoodInverse.MomentCertificate.sincMoment_80' depends on axioms: [propext, Classical.choice, Quot.sound]
'LittlewoodInverse.MomentCertificate.sincMoment_82' depends on axioms: [propext, Classical.choice, Quot.sound]
'LittlewoodInverse.MomentCertificate.sincMoment_84' depends on axioms: [propext, Classical.choice, Quot.sound]
'LittlewoodInverse.MomentCertificate.sincMoment_86' depends on axioms: [propext, Classical.choice, Quot.sound]
'LittlewoodInverse.MomentCertificate.sincMoment_88' depends on axioms: [propext, Classical.choice, Quot.sound]
'LittlewoodInverse.MomentCertificate.sincMoment_90' depends on axioms: [propext, Classical.choice, Quot.sound]
'LittlewoodInverse.MomentCertificate.sincMoment_92' depends on axioms: [propext, Classical.choice, Quot.sound]
'LittlewoodInverse.MomentCertificate.sincMoment_94' depends on axioms: [propext, Classical.choice, Quot.sound]
'LittlewoodInverse.MomentCertificate.sincMoment_96' depends on axioms: [propext, Classical.choice, Quot.sound]
'LittlewoodInverse.MomentCertificate.sincMoment_98' depends on axioms: [propext, Classical.choice, Quot.sound]
'LittlewoodInverse.MomentCertificate.sincMoment_100' depends on axioms: [propext, Classical.choice, Quot.sound]
'LittlewoodInverse.MomentCertificate.sincMoment_102' depends on axioms: [propext, Classical.choice, Quot.sound]
'LittlewoodInverse.MomentCertificate.sincMoment_104' depends on axioms: [propext, Classical.choice, Quot.sound]
'LittlewoodInverse.MomentCertificate.sincMoment_106' depends on axioms: [propext, Classical.choice, Quot.sound]
'LittlewoodInverse.MomentCertificate.sincMoment_108' depends on axioms: [propext, Classical.choice, Quot.sound]
'LittlewoodInverse.MomentCertificate.sincMoment_110' depends on axioms: [propext, Classical.choice, Quot.sound]
'LittlewoodInverse.MomentCertificate.sincMoment_112' depends on axioms: [propext, Classical.choice, Quot.sound]
'LittlewoodInverse.MomentCertificate.sincMoment_114' depends on axioms: [propext, Classical.choice, Quot.sound]
'LittlewoodInverse.MomentCertificate.sincMoment_116' depends on axioms: [propext, Classical.choice, Quot.sound]
'LittlewoodInverse.MomentCertificate.sincMoment_118' depends on axioms: [propext, Classical.choice, Quot.sound]
'LittlewoodInverse.MomentCertificate.sincMoment_120' depends on axioms: [propext, Classical.choice, Quot.sound]
'LittlewoodInverse.MomentCertificate.sincMoment_122' depends on axioms: [propext, Classical.choice, Quot.sound]
'LittlewoodInverse.MomentCertificate.sincMoment_124' depends on axioms: [propext, Classical.choice, Quot.sound]
'LittlewoodInverse.MomentCertificate.sincMoment_126' depends on axioms: [propext, Classical.choice, Quot.sound]
'LittlewoodInverse.MomentCertificate.sincMoment_128' depends on axioms: [propext, Classical.choice, Quot.sound]
'LittlewoodInverse.MomentCertificate.sincMoment_130' depends on axioms: [propext, Classical.choice, Quot.sound]
'LittlewoodInverse.MomentCertificate.sincMoment_132' depends on axioms: [propext, Classical.choice, Quot.sound]
'LittlewoodInverse.MomentCertificate.sincMoment_134' depends on axioms: [propext, Classical.choice, Quot.sound]
'LittlewoodInverse.MomentCertificate.sincMoment_136' depends on axioms: [propext, Classical.choice, Quot.sound]
'LittlewoodInverse.MomentCertificate.sincMoment_138' depends on axioms: [propext, Classical.choice, Quot.sound]
'LittlewoodInverse.MomentCertificate.sincMoment_140' depends on axioms: [propext, Classical.choice, Quot.sound]
'LittlewoodInverse.MomentCertificate.sincMoment_142' depends on axioms: [propext, Classical.choice, Quot.sound]
'LittlewoodInverse.MomentCertificate.sincMoment_144' depends on axioms: [propext, Classical.choice, Quot.sound]
'LittlewoodInverse.MomentCertificate.sincMoment_146' depends on axioms: [propext, Classical.choice, Quot.sound]
'LittlewoodInverse.MomentCertificate.sincMoment_148' depends on axioms: [propext, Classical.choice, Quot.sound]
'LittlewoodInverse.MomentCertificate.sincMoment_150' depends on axioms: [propext, Classical.choice, Quot.sound]
'LittlewoodInverse.MomentCertificate.sincMoment_152' depends on axioms: [propext, Classical.choice, Quot.sound]
'LittlewoodInverse.MomentCertificate.sincMoment_154' depends on axioms: [propext, Classical.choice, Quot.sound]
'LittlewoodInverse.MomentCertificate.sincMoment_156' depends on axioms: [propext, Classical.choice, Quot.sound]
'LittlewoodInverse.MomentCertificate.sincMoment_158' depends on axioms: [propext, Classical.choice, Quot.sound]
'LittlewoodInverse.MomentCertificate.sincMoment_160' depends on axioms: [propext, Classical.choice, Quot.sound]
'LittlewoodInverse.MomentCertificate.sincMoment_162' depends on axioms: [propext, Classical.choice, Quot.sound]
'LittlewoodInverse.intervalDifferenceCount_eq' depends on axioms: [propext, Classical.choice, Quot.sound]
'LittlewoodInverse.fejerKernel_continuous' depends on axioms: [propext, Classical.choice, Quot.sound]
'LittlewoodInverse.fejerKernel_nonneg' depends on axioms: [propext, Classical.choice, Quot.sound]
'LittlewoodInverse.integral_fejerKernel' depends on axioms: [propext, Classical.choice, Quot.sound]
'LittlewoodInverse.norm_sq_fourierPolynomial_eq_indexed' depends on axioms: [propext, Classical.choice, Quot.sound]
'LittlewoodInverse.circleFourierCoeff_indexedFourierSum' depends on axioms: [propext, Classical.choice, Quot.sound]
'LittlewoodInverse.circleFourierCoeff_fejerKernel' depends on axioms: [propext, Classical.choice, Quot.sound]
'LittlewoodInverse.circleFourierCoeff_const_mul' depends on axioms: [propext, Classical.choice, Quot.sound]
'LittlewoodInverse.circleFourierCoeff_sub' depends on axioms: [propext, Classical.choice, Quot.sound]
'LittlewoodInverse.valleePoussinKernel_continuous' depends on axioms: [propext, Classical.choice, Quot.sound]
'LittlewoodInverse.circleFourierCoeff_valleePoussinKernel' depends on axioms: [propext, Classical.choice, Quot.sound]
'LittlewoodInverse.valleePoussinKernel_reproduces' depends on axioms: [propext, Classical.choice, Quot.sound]
'LittlewoodInverse.valleePoussinKernel_support' depends on axioms: [propext, Classical.choice, Quot.sound]
'LittlewoodInverse.integral_norm_valleePoussinKernel_le' depends on axioms: [propext, Classical.choice, Quot.sound]
'LittlewoodInverse.fibre_disjoint' depends on axioms: [propext, Classical.choice, Quot.sound]
'LittlewoodInverse.fourier_character_add' depends on axioms: [propext, Classical.choice, Quot.sound]
'LittlewoodInverse.fourier_mul_index' depends on axioms: [propext, Classical.choice, Quot.sound]
'LittlewoodInverse.fourierPolynomial_affine' depends on axioms: [propext, Classical.choice, Quot.sound]
'LittlewoodInverse.fourierPolynomial_fibreUnion' depends on axioms: [propext, Classical.choice, Quot.sound]
'LittlewoodInverse.q_smul_cyclicShift' depends on axioms: [propext, Classical.choice, Quot.sound]
'LittlewoodInverse.fourier_cyclicShift' depends on axioms: [propext, Classical.choice, Quot.sound]
'LittlewoodInverse.fibre_cyclic_expansion' depends on axioms: [propext, Classical.choice, Quot.sound]
'LittlewoodInverse.circle_integral_zsmul' depends on axioms: [propext, Classical.choice, Quot.sound]
'LittlewoodInverse.pilp_norm_twentieth' depends on axioms: [propext, Classical.choice, Quot.sound]
'LittlewoodInverse.fibreNormVector_continuous' depends on axioms: [propext, Classical.choice, Quot.sound]
'LittlewoodInverse.fibreNormVector_pointwise' depends on axioms: [propext, Classical.choice, Quot.sound]
'LittlewoodInverse.fibreNormVector_integral_coordinate' depends on axioms: [propext, Classical.choice, Quot.sound]
'LittlewoodInverse.cyclicTranslate_average_continuous' depends on axioms: [propext, Classical.choice, Quot.sound]
'LittlewoodInverse.cyclicTranslate_average_integral' depends on axioms: [propext, Classical.choice, Quot.sound]
'LittlewoodInverse.actual_fibre_twentieth_budget' depends on axioms: [propext, Classical.choice, Quot.sound]
'LittlewoodInverse.finiteFourierSum_continuous' depends on axioms: [propext, Classical.choice, Quot.sound]
'LittlewoodInverse.circleFourierCoeff_finiteFourierSum' depends on axioms: [propext, Classical.choice, Quot.sound]
'LittlewoodInverse.continuous_eq_of_circleFourierCoeff_eq' depends on axioms: [propext, Classical.choice, Quot.sound]
'LittlewoodInverse.valleePoussinKernel_eq_finiteFourierSum' depends on axioms: [propext, Classical.choice, Quot.sound]
'LittlewoodInverse.fourier_eval_sub' depends on axioms: [propext, Classical.choice, Quot.sound]
'LittlewoodInverse.integral_finiteFourierSum_sub_mul' depends on axioms: [propext, Classical.choice, Quot.sound]
'LittlewoodInverse.fourierPhase_measurable' depends on axioms: [propext, Classical.choice, Quot.sound]
'LittlewoodInverse.norm_fourierPhase_le_one' depends on axioms: [propext, Classical.choice, Quot.sound]
'LittlewoodInverse.fourierPhase_memLp_top' depends on axioms: [propext, Classical.choice, Quot.sound]
'LittlewoodInverse.fourierPhase_integrable' depends on axioms: [propext, Classical.choice, Quot.sound]
'LittlewoodInverse.fourierPolynomial_mul_star_phase' depends on axioms: [propext, Classical.choice, Quot.sound]
'LittlewoodInverse.circlePairing_fourierPhase' depends on axioms: [propext, Classical.choice, Quot.sound]
'LittlewoodInverse.finiteBandCertificate_continuous' depends on axioms: [propext, Classical.choice, Quot.sound]
'LittlewoodInverse.finiteBandCertificate_eq_convolution' depends on axioms: [propext, Classical.choice, Quot.sound]
'LittlewoodInverse.norm_finiteBandCertificate_le_one' depends on axioms: [propext, Classical.choice, Quot.sound]
'LittlewoodInverse.finiteBandCertificate_support' depends on axioms: [propext, Classical.choice, Quot.sound]
'LittlewoodInverse.circlePairing_finiteBandCertificate' depends on axioms: [propext, Classical.choice, Quot.sound]
'LittlewoodInverse.finite_band_certificate' depends on axioms: [propext, Classical.choice, Quot.sound]
'LittlewoodInverse.FiniteSetPartition.part_subset' depends on axioms: [propext, Quot.sound]
'LittlewoodInverse.FiniteSetPartition.sum_card' depends on axioms: [propext, Classical.choice, Quot.sound]
'LittlewoodInverse.finite_partition_glue_covers' depends on axioms: [propext, Classical.choice, Quot.sound]
'LittlewoodInverse.bounded_partition_almost_cover' depends on axioms: [propext, Classical.choice, Quot.sound]
'LittlewoodInverse.FirstLevelUniform.momentEnvelope_nonneg' depends on axioms: [propext, Classical.choice, Quot.sound]
'LittlewoodInverse.FirstLevelUniform.normalizedMoment_le_envelope' depends on axioms: [propext,
 Classical.choice,
 Quot.sound]
'LittlewoodInverse.FirstLevelUniform.momentEnvelope_le_one' depends on axioms: [propext, Classical.choice, Quot.sound]
'LittlewoodInverse.FirstLevelUniform.tendsto_momentEnvelope' depends on axioms: [propext, Classical.choice, Quot.sound]
'LittlewoodInverse.FirstLevelUniform.summable_weighted_envelope' depends on axioms: [propext,
 Classical.choice,
 Quot.sound]
'LittlewoodInverse.FirstLevelUniform.tendsto_weighted_envelope' depends on axioms: [propext,
 Classical.choice,
 Quot.sound]
'LittlewoodInverse.FirstLevelUniform.normalized_series_le_envelope' depends on axioms: [propext,
 Classical.choice,
 Quot.sound]
'LittlewoodInverse.FirstLevelUniform.first_level_uniform' depends on axioms: [propext, Classical.choice, Quot.sound]
'LittlewoodInverse.continuous_circle_integrable' depends on axioms: [propext, Classical.choice, Quot.sound]
'LittlewoodInverse.integral_fourier' depends on axioms: [propext, Classical.choice, Quot.sound]
'LittlewoodInverse.integral_fourier_mul_conj' depends on axioms: [propext, Classical.choice, Quot.sound]
'LittlewoodInverse.circlePairing_fourierPolynomial' depends on axioms: [propext, Classical.choice, Quot.sound]
'LittlewoodInverse.circlePairing_fourierPolynomial_of_subset' depends on axioms: [propext, Classical.choice, Quot.sound]
'LittlewoodInverse.integral_norm_sq_fourierPolynomial' depends on axioms: [propext, Classical.choice, Quot.sound]
'LittlewoodInverse.integral_norm_pow_four_fourierPolynomial' depends on axioms: [propext, Classical.choice, Quot.sound]
'LittlewoodInverse.freiman_sumset_card' depends on axioms: [propext, Classical.choice, Quot.sound]
'LittlewoodInverse.freiman_energy' depends on axioms: [propext, Classical.choice, Quot.sound]
'LittlewoodInverse.high_order_freiman_exact' depends on axioms: [propext, Classical.choice, Quot.sound]
'LittlewoodInverse.freiman_fin_sum_iff' depends on axioms: [propext, Classical.choice, Quot.sound]
'LittlewoodInverse.freiman_relationCount' depends on axioms: [propext, Classical.choice, Quot.sound]
'LittlewoodInverse.freiman_integral_even_moment' depends on axioms: [propext, Classical.choice, Quot.sound]
'LittlewoodInverse.geometric_bounds_to_logarithmic' depends on axioms: [propext, Classical.choice, Quot.sound]
'LittlewoodInverse.affine_injective' depends on axioms: [propext, Classical.choice, Quot.sound]
'LittlewoodInverse.affine_card' depends on axioms: [propext, Classical.choice, Quot.sound]
'LittlewoodInverse.affine_nonempty' depends on axioms: [propext, Classical.choice, Quot.sound]
'LittlewoodInverse.affine_freiman_two' depends on axioms: [propext, Classical.choice, Quot.sound]
'LittlewoodInverse.affine_energy' depends on axioms: [propext, Classical.choice, Quot.sound]
'LittlewoodInverse.affine_sumset_card' depends on axioms: [propext, Classical.choice, Quot.sound]
'LittlewoodInverse.BackgroundExternal.zmodAddEquiv_apply_eq' depends on axioms: [propext, Classical.choice, Quot.sound]
'LittlewoodInverse.BackgroundExternal.finiteAlgebraNorm_indicator' depends on axioms: [propext,
 Classical.choice,
 Quot.sound]
'LittlewoodInverse.BackgroundExternal.green_sanders_cyclic_cosets' depends on axioms: [propext,
 Classical.choice,
 Quot.sound,
 LittlewoodInverse.BackgroundExternal.green_sanders]
'LittlewoodInverse.BackgroundExternal.green_sanders_cyclic' depends on axioms: [propext,
 Classical.choice,
 Quot.sound,
 LittlewoodInverse.BackgroundExternal.green_sanders]
'LittlewoodInverse.almostCover_of_hereditary' depends on axioms: [propext,
 Classical.choice,
 Quot.sound,
 LittlewoodInverse.External.polynomial_bsg]
'LittlewoodInverse.initialPrefix_card' depends on axioms: [propext, Classical.choice, Quot.sound]
'LittlewoodInverse.initialPrefix_isInitialSegment' depends on axioms: [propext, Classical.choice, Quot.sound]
'LittlewoodInverse.boundaryNorm_single_cell' depends on axioms: [propext, Classical.choice, Quot.sound]
'LittlewoodInverse.interval_littlewoodNorm_asymptotic' depends on axioms: [propext, Classical.choice, Quot.sound]
'LittlewoodInverse.dirichlet_l1_asymptotic' depends on axioms: [propext, Classical.choice, Quot.sound]
'LittlewoodInverse.IntervalCoefficients.geometric_power_coefficient' depends on axioms: [propext,
 Classical.choice,
 Quot.sound]
'LittlewoodInverse.IntervalCoefficients.interval_relationCount_eq_coefficient' depends on axioms: [propext,
 Classical.choice,
 Quot.sound]
'LittlewoodInverse.IntervalCoefficients.relationCount_le_coefficient' depends on axioms: [propext,
 Classical.choice,
 Quot.sound]
'LittlewoodInverse.IntervalEnergy.pairSumCount_eq_interval' depends on axioms: [propext, Classical.choice, Quot.sound]
'LittlewoodInverse.IntervalEnergy.pairSumCount_lower' depends on axioms: [propext, Classical.choice, Quot.sound]
'LittlewoodInverse.IntervalEnergy.pairSumCount_upper' depends on axioms: [propext, Classical.choice, Quot.sound]
'LittlewoodInverse.IntervalEnergy.sum_integerInterval' depends on axioms: [propext, Classical.choice, Quot.sound]
'LittlewoodInverse.IntervalEnergy.energy_eq_sum_pairSumCount' depends on axioms: [propext, Classical.choice, Quot.sound]
'LittlewoodInverse.IntervalEnergy.energy_eq_two_square_sums' depends on axioms: [propext, Classical.choice, Quot.sound]
'LittlewoodInverse.IntervalEnergy.energy_eq_square_sum' depends on axioms: [propext, Classical.choice, Quot.sound]
'LittlewoodInverse.IntervalEnergy.square_sum_identity' depends on axioms: [propext, Classical.choice, Quot.sound]
'LittlewoodInverse.IntervalEnergy.three_mul_interval_energy' depends on axioms: [propext, Classical.choice, Quot.sound]
'LittlewoodInverse.IntervalEnergy.interval_energy_real' depends on axioms: [propext, Classical.choice, Quot.sound]
'LittlewoodInverse.IntervalEnergy.additiveEnergy_le_interval' depends on axioms: [propext, Classical.choice, Quot.sound]
'LittlewoodInverse.IntervalEnergy.three_mul_energy_le' depends on axioms: [propext, Classical.choice, Quot.sound]
'LittlewoodInverse.IntervalEnergy.energy_max_real' depends on axioms: [propext, Classical.choice, Quot.sound]
'LittlewoodInverse.IntervalEnergy.normalized_fourth_moment_eq' depends on axioms: [propext,
 Classical.choice,
 Quot.sound]
'LittlewoodInverse.IntervalEnergy.normalized_fourth_moment_le' depends on axioms: [propext,
 Classical.choice,
 Quot.sound]
'LittlewoodInverse.IntervalEnergy.normalized_fourth_moment_uniform' depends on axioms: [propext,
 Classical.choice,
 Quot.sound]
'LittlewoodInverse.IntervalMoments.signedSum_eq' depends on axioms: [propext, Classical.choice, Quot.sound]
'LittlewoodInverse.IntervalMoments.signedCoordinate_strictMono' depends on axioms: [propext,
 Classical.choice,
 Quot.sound]
'LittlewoodInverse.IntervalMoments.signedSum_strictMono' depends on axioms: [propext, Classical.choice, Quot.sound]
'LittlewoodInverse.IntervalMoments.gridDecode_injective' depends on axioms: [propext, Quot.sound]
'LittlewoodInverse.IntervalMoments.relationCount_eq_zero_fiber' depends on axioms: [propext,
 Classical.choice,
 Quot.sound]
'LittlewoodInverse.IntervalMoments.relationCount_le_middle' depends on axioms: [propext, Classical.choice, Quot.sound]
'LittlewoodInverse.IntervalMoments.interval_signedSum' depends on axioms: [propext, Classical.choice, Quot.sound]
'LittlewoodInverse.IntervalMoments.interval_signedSum_zero_iff' depends on axioms: [propext,
 Classical.choice,
 Quot.sound]
'LittlewoodInverse.IntervalMoments.interval_relationCount_eq_middle' depends on axioms: [propext,
 Classical.choice,
 Quot.sound]
'LittlewoodInverse.IntervalMoments.relationCount_le_interval' depends on axioms: [propext, Classical.choice, Quot.sound]
'LittlewoodInverse.IntervalMoments.even_moment_le_interval' depends on axioms: [propext, Classical.choice, Quot.sound]
'LittlewoodInverse.littlewoodNorm_eq_two_half' depends on axioms: [propext, Classical.choice, Quot.sound]
'LittlewoodInverse.intervalPolynomial_norm_le_inv' depends on axioms: [propext, Classical.choice, Quot.sound]
'LittlewoodInverse.interval_littlewoodNorm_le_log' depends on axioms: [propext, Classical.choice, Quot.sound]
'LittlewoodInverse.DenseBlocks.label_injective' depends on axioms: [propext, Classical.choice, Quot.sound]
'LittlewoodInverse.list_floor_error' depends on axioms: [propext, Classical.choice, Quot.sound]
'LittlewoodInverse.bounded_floor_carry' depends on axioms: [propext, Classical.choice, Quot.sound]
'LittlewoodInverse.Landau.b_sq_wallis' depends on axioms: [propext, Classical.choice, Quot.sound]
'LittlewoodInverse.Landau.b_sq_eq_wallis_inv' depends on axioms: [propext, Classical.choice, Quot.sound]
'LittlewoodInverse.Landau.b_sq_lower' depends on axioms: [propext, Classical.choice, Quot.sound]
'LittlewoodInverse.Landau.b_sq_upper' depends on axioms: [propext, Classical.choice, Quot.sound]
'LittlewoodInverse.Landau.sum_b_sq_lower' depends on axioms: [propext, Classical.choice, Quot.sound]
'LittlewoodInverse.Landau.sum_b_sq_upper_succ' depends on axioms: [propext, Classical.choice, Quot.sound]
'LittlewoodInverse.Landau.sum_b_sq_upper' depends on axioms: [propext, Classical.choice, Quot.sound]
'LittlewoodInverse.Landau.sum_b_sq_log_error' depends on axioms: [propext, Classical.choice, Quot.sound]
'LittlewoodInverse.Landau.b_le_inv_sqrt' depends on axioms: [propext, Classical.choice, Quot.sound]
'LittlewoodInverse.Landau.b_sq_mul_le_one' depends on axioms: [propext, Classical.choice, Quot.sound]
'LittlewoodInverse.Landau.b_le_inv_sqrt_succ' depends on axioms: [propext, Classical.choice, Quot.sound]
'LittlewoodInverse.Landau.b_tendsto_zero' depends on axioms: [propext, Classical.choice, Quot.sound]
'LittlewoodInverse.Landau.norm_weighted_sum_le' depends on axioms: [propext, Classical.choice, Quot.sound]
'LittlewoodInverse.Landau.geometric_sum_bound' depends on axioms: [propext, Classical.choice, Quot.sound]
'LittlewoodInverse.Landau.partialSum_eq_eval' depends on axioms: [propext, Classical.choice, Quot.sound]
'LittlewoodInverse.Landau.partial_converges' depends on axioms: [propext, Classical.choice, Quot.sound]
'LittlewoodInverse.Landau.partialSum_tail' depends on axioms: [propext, Classical.choice, Quot.sound]
'LittlewoodInverse.Landau.norm_partialSum_tail' depends on axioms: [propext, Classical.choice, Quot.sound]
'LittlewoodInverse.Landau.boundary_tail_bound' depends on axioms: [propext, Classical.choice, Quot.sound]
'LittlewoodInverse.Landau.summable_norm_powerSum' depends on axioms: [propext, Classical.choice, Quot.sound]
'LittlewoodInverse.Landau.powerSum_square' depends on axioms: [propext, Classical.choice, Quot.sound]
'LittlewoodInverse.Landau.boundary_square' depends on axioms: [propext, Classical.choice, Quot.sound]
'LittlewoodInverse.Landau.boundary_norm' depends on axioms: [propext, Classical.choice, Quot.sound]
'LittlewoodInverse.Landau.boundary_ratio' depends on axioms: [propext, Classical.choice, Quot.sound]
'LittlewoodInverse.Landau.quotient_phase_error' depends on axioms: [propext, Classical.choice, Quot.sound]
'LittlewoodInverse.Landau.b_zero' depends on axioms: [propext, Classical.choice, Quot.sound]
'LittlewoodInverse.Landau.b_pos' depends on axioms: [propext, Classical.choice, Quot.sound]
'LittlewoodInverse.Landau.b_recurrence' depends on axioms: [propext, Classical.choice, Quot.sound]
'LittlewoodInverse.Landau.b_succ_lt' depends on axioms: [propext, Classical.choice, Quot.sound]
'LittlewoodInverse.Landau.b_antitone' depends on axioms: [propext, Classical.choice, Quot.sound]
'LittlewoodInverse.Landau.coeff_series' depends on axioms: [propext, Classical.choice, Quot.sound]
'LittlewoodInverse.Landau.series_differential' depends on axioms: [propext, Classical.choice, Quot.sound]
'LittlewoodInverse.Landau.square_series_differential' depends on axioms: [propext, Classical.choice, Quot.sound]
'LittlewoodInverse.Landau.coeff_square_series' depends on axioms: [propext, Classical.choice, Quot.sound]
'LittlewoodInverse.Landau.coefficient_convolution' depends on axioms: [propext, Classical.choice, Quot.sound]
'LittlewoodInverse.Landau.completion_norm_le' depends on axioms: [propext, Classical.choice, Quot.sound]
'LittlewoodInverse.Landau.twoSidedSum_continuous' depends on axioms: [propext, Classical.choice, Quot.sound]
'LittlewoodInverse.Landau.dirichlet_continuous' depends on axioms: [propext, Classical.choice, Quot.sound]
'LittlewoodInverse.Landau.dirichlet_norm_le' depends on axioms: [propext, Classical.choice, Quot.sound]
'LittlewoodInverse.Landau.completionError_integrable' depends on axioms: [propext, Classical.choice, Quot.sound]
'LittlewoodInverse.Landau.completionError_small' depends on axioms: [propext, Classical.choice, Quot.sound]
'LittlewoodInverse.Landau.twoSidedSum_model_error' depends on axioms: [propext, Classical.choice, Quot.sound]
'LittlewoodInverse.Landau.completionError_large' depends on axioms: [propext, Classical.choice, Quot.sound]
'LittlewoodInverse.Landau.completionError_real_bound' depends on axioms: [propext, Classical.choice, Quot.sound]
'LittlewoodInverse.Landau.fourier_neg_argument' depends on axioms: [propext, Classical.choice, Quot.sound]
'LittlewoodInverse.Landau.dirichlet_neg_argument' depends on axioms: [propext, Classical.choice, Quot.sound]
'LittlewoodInverse.Landau.polynomial_neg_argument' depends on axioms: [propext, Classical.choice, Quot.sound]
'LittlewoodInverse.Landau.extremizer_neg_argument' depends on axioms: [propext, Classical.choice, Quot.sound]
'LittlewoodInverse.Landau.twoSidedSum_neg_argument' depends on axioms: [propext, Classical.choice, Quot.sound]
'LittlewoodInverse.Landau.phase_conj' depends on axioms: [propext, Classical.choice, Quot.sound]
'LittlewoodInverse.Landau.completionError_even' depends on axioms: [propext, Classical.choice, Quot.sound]
'LittlewoodInverse.Landau.completionError_half_integrable' depends on axioms: [propext, Classical.choice, Quot.sound]
'LittlewoodInverse.Landau.completionError_integral_le' depends on axioms: [propext, Classical.choice, Quot.sound]
'LittlewoodInverse.Landau.completion_pairing_lower' depends on axioms: [propext, Classical.choice, Quot.sound]
'LittlewoodInverse.Landau.circle_even_integral' depends on axioms: [propext, Classical.choice, Quot.sound]
'LittlewoodInverse.Landau.model_norm' depends on axioms: [propext, Classical.choice, Quot.sound]
'LittlewoodInverse.Landau.conj_model' depends on axioms: [propext, Classical.choice, Quot.sound]
'LittlewoodInverse.Landau.model_identity' depends on axioms: [propext, Classical.choice, Quot.sound]
'LittlewoodInverse.Landau.fourier_distance_lower' depends on axioms: [propext, Classical.choice, Quot.sound]
'LittlewoodInverse.Landau.dirichlet_eq_fourierPolynomial' depends on axioms: [propext, Classical.choice, Quot.sound]
'LittlewoodInverse.Landau.completion_pairing_upper' depends on axioms: [propext, Classical.choice, Quot.sound]
'LittlewoodInverse.Landau.completion_pairing_lower_norm' depends on axioms: [propext, Classical.choice, Quot.sound]
'LittlewoodInverse.Landau.completion_log_asymptotic' depends on axioms: [propext, Classical.choice, Quot.sound]
'LittlewoodInverse.Landau.polynomial_eval' depends on axioms: [propext, Classical.choice, Quot.sound]
'LittlewoodInverse.Landau.polynomial_eval_succ' depends on axioms: [propext, Classical.choice, Quot.sound]
'LittlewoodInverse.Landau.polynomial_boundary_identity' depends on axioms: [propext, Classical.choice, Quot.sound]
'LittlewoodInverse.Landau.polynomial_boundary_weights' depends on axioms: [propext, Classical.choice, Quot.sound]
'LittlewoodInverse.Landau.re_lt_one_of_norm_le_one' depends on axioms: [propext, Classical.choice, Quot.sound]
'LittlewoodInverse.Landau.polynomial_ne_zero_closedDisk' depends on axioms: [propext, Classical.choice, Quot.sound]
'LittlewoodInverse.Landau.polynomial_quotient_spectrum' depends on axioms: [propext,
 Classical.choice,
 Quot.sound,
 LittlewoodInverse.HardyExternal.bounded_holomorphic_radial_boundary]
'LittlewoodInverse.Landau.reversePolynomial_evalCircle' depends on axioms: [propext, Classical.choice, Quot.sound]
'LittlewoodInverse.Landau.evalCircle_polynomial_ne_zero' depends on axioms: [propext, Classical.choice, Quot.sound]
'LittlewoodInverse.Landau.extremizer_continuous' depends on axioms: [propext, Classical.choice, Quot.sound]
'LittlewoodInverse.Landau.extremizer_norm' depends on axioms: [propext, Classical.choice, Quot.sound]
'LittlewoodInverse.Landau.extremizer_support' depends on axioms: [propext,
 Classical.choice,
 Quot.sound,
 LittlewoodInverse.HardyExternal.bounded_holomorphic_radial_boundary]
'LittlewoodInverse.Landau.extremizer_attains' depends on axioms: [propext,
 Classical.choice,
 Quot.sound,
 LittlewoodInverse.HardyExternal.bounded_holomorphic_radial_boundary]
'LittlewoodInverse.Landau.polynomial_coeff' depends on axioms: [propext, Classical.choice, Quot.sound]
'LittlewoodInverse.Landau.polynomial_square_coeff' depends on axioms: [propext, Classical.choice, Quot.sound]
'LittlewoodInverse.Landau.evalCircle_expansion' depends on axioms: [propext, Classical.choice, Quot.sound]
'LittlewoodInverse.Landau.evalCircle_continuous' depends on axioms: [propext, Classical.choice, Quot.sound]
'LittlewoodInverse.Landau.circlePairing_evalCircle' depends on axioms: [propext, Classical.choice, Quot.sound]
'LittlewoodInverse.Landau.circleFourierCoeff_evalCircle' depends on axioms: [propext, Classical.choice, Quot.sound]
'LittlewoodInverse.Landau.integral_norm_sq_evalCircle' depends on axioms: [propext, Classical.choice, Quot.sound]
'LittlewoodInverse.Landau.integral_norm_sq_polynomial' depends on axioms: [propext, Classical.choice, Quot.sound]
'LittlewoodInverse.Landau.pairing_square_eq_dirichlet' depends on axioms: [propext, Classical.choice, Quot.sound]
'LittlewoodInverse.Landau.spectral_bound' depends on axioms: [propext, Classical.choice, Quot.sound]
'LittlewoodInverse.block_cover_of_height_bounds' depends on axioms: [propext,
 Classical.choice,
 Quot.sound,
 LittlewoodInverse.External.polynomial_bsg]
'LittlewoodInverse.long_block_almost_cover' depends on axioms: [propext,
 Classical.choice,
 Quot.sound,
 LittlewoodInverse.External.mps_weighted,
 LittlewoodInverse.External.polynomial_bsg]
'LittlewoodInverse.signed_slab_of_spectral_budget' depends on axioms: [propext,
 Classical.choice,
 Quot.sound,
 LittlewoodInverse.BackgroundExternal.green_sanders]
'LittlewoodInverse.long_block_signed_progressions' depends on axioms: [propext,
 Classical.choice,
 Quot.sound,
 LittlewoodInverse.BackgroundExternal.green_sanders,
 LittlewoodInverse.External.mps_weighted]
'LittlewoodInverse.weightedPolynomial_sorted_ones' depends on axioms: [propext, Classical.choice, Quot.sound]
'LittlewoodInverse.sum_fin_reciprocal_eq_harmonic' depends on axioms: [propext, Classical.choice, Quot.sound]
'LittlewoodInverse.mps_logarithmic' depends on axioms: [propext,
 Classical.choice,
 Quot.sound,
 LittlewoodInverse.External.mps_weighted]
'LittlewoodInverse.mpsConstant_pos' depends on axioms: [propext,
 Classical.choice,
 Quot.sound,
 LittlewoodInverse.External.mps_weighted]
'LittlewoodInverse.mpsConstant_log_le' depends on axioms: [propext,
 Classical.choice,
 Quot.sound,
 LittlewoodInverse.External.mps_weighted]
'LittlewoodInverse.macroscopic_hereditary_energy' depends on axioms: [propext, Classical.choice, Quot.sound]
'LittlewoodInverse.Majority.sum_singleton_coefficients' depends on axioms: [propext, Classical.choice, Quot.sound]
'LittlewoodInverse.Majority.exists_higher_correlation' depends on axioms: [propext, Classical.choice, Quot.sound]
'LittlewoodInverse.Majority.abs_finset_prod_le_one' depends on axioms: [propext, Classical.choice, Quot.sound]
'LittlewoodInverse.Majority.exists_higher_integral' depends on axioms: [propext, Classical.choice, Quot.sound]
'LittlewoodInverse.Majority.mixedMonomial_map' depends on axioms: [propext, Classical.choice, Quot.sound]
'LittlewoodInverse.Majority.every_block_contains_good_set' depends on axioms: [propext, Classical.choice, Quot.sound]
'LittlewoodInverse.Majority.majorityDegree_odd' depends on axioms: [propext, Classical.choice, Quot.sound]
'LittlewoodInverse.Majority.majorityDegree_lower' depends on axioms: [propext, Classical.choice, Quot.sound]
'LittlewoodInverse.Majority.majorityDegree_upper' depends on axioms: [propext, Classical.choice, Quot.sound]
'LittlewoodInverse.Majority.majorityDegree_le_sixty_six' depends on axioms: [propext, Classical.choice, Quot.sound]
'LittlewoodInverse.Majority.majorityDegree_minimal' depends on axioms: [propext, Classical.choice, Quot.sound]
'LittlewoodInverse.Majority.majority_correlation_threshold' depends on axioms: [propext, Classical.choice, Quot.sound]
'LittlewoodInverse.Majority.majority_density_denominator' depends on axioms: [propext, Classical.choice, Quot.sound]
'LittlewoodInverse.Majority.norm_circlePairing_le_integral_norm' depends on axioms: [propext,
 Classical.choice,
 Quot.sound]
'LittlewoodInverse.Majority.correlation_ratio_ge_one' depends on axioms: [propext, Classical.choice, Quot.sound]
'LittlewoodInverse.MajorityCounting.density_of_incidence' depends on axioms: [propext, Classical.choice, Quot.sound]
'LittlewoodInverse.MajorityCounting.goodFamily_fiber' depends on axioms: [propext, Classical.choice, Quot.sound]
'LittlewoodInverse.MajorityCounting.good_incidence_lower' depends on axioms: [propext, Classical.choice, Quot.sound]
'LittlewoodInverse.MajorityCounting.exists_dense_good_size' depends on axioms: [propext, Classical.choice, Quot.sound]
'LittlewoodInverse.MajorityCounting.factorial_ratio_ge_exp_neg' depends on axioms: [propext,
 Classical.choice,
 Quot.sound]
'LittlewoodInverse.MajorityCounting.descFactorial_ge_exp_neg' depends on axioms: [propext, Classical.choice, Quot.sound]
'LittlewoodInverse.MajorityCounting.split_factorial_ge' depends on axioms: [propext, Classical.choice, Quot.sound]
'LittlewoodInverse.MajorityCounting.ordered_density_lower' depends on axioms: [propext, Classical.choice, Quot.sound]
'LittlewoodInverse.MajorityCounting.tupleSupport_equiv' depends on axioms: [propext, Classical.choice, Quot.sound]
'LittlewoodInverse.MajorityCounting.validOrderedPair_append_injective' depends on axioms: [propext,
 Classical.choice,
 Quot.sound]
'LittlewoodInverse.MajorityCounting.orderedPairs_card_lower' depends on axioms: [propext, Classical.choice, Quot.sound]
'LittlewoodInverse.Majority.fourier_pow_nat' depends on axioms: [propext, Classical.choice, Quot.sound]
'LittlewoodInverse.Majority.phase_product_expansion' depends on axioms: [propext, Classical.choice, Quot.sound]
'LittlewoodInverse.Majority.phase_lift_expansion' depends on axioms: [propext, Classical.choice, Quot.sound]
'LittlewoodInverse.Majority.integral_phase_lift_expansion' depends on axioms: [propext, Classical.choice, Quot.sound]
'LittlewoodInverse.Majority.mixedMonomial_complement' depends on axioms: [propext, Classical.choice, Quot.sound]
'LittlewoodInverse.Majority.phase_selected_sums_conjugate' depends on axioms: [propext, Classical.choice, Quot.sound]
'LittlewoodInverse.Majority.integral_phase_balanced_identity' depends on axioms: [propext, Classical.choice, Quot.sound]
'LittlewoodInverse.Majority.integral_phase_pairing' depends on axioms: [propext, Classical.choice, Quot.sound]
'LittlewoodInverse.Majority.phaseTest_aestronglyMeasurable' depends on axioms: [propext, Classical.choice, Quot.sound]
'LittlewoodInverse.Majority.phaseTarget_integrable' depends on axioms: [propext, Classical.choice, Quot.sound]
'LittlewoodInverse.Majority.abs_phaseTest_le' depends on axioms: [propext, Classical.choice, Quot.sound]
'LittlewoodInverse.Majority.abs_phaseTarget_le' depends on axioms: [propext, Classical.choice, Quot.sound]
'LittlewoodInverse.Majority.integral_abs_phaseTarget_le' depends on axioms: [propext, Classical.choice, Quot.sound]
'LittlewoodInverse.Majority.phaseTest_ae_bound' depends on axioms: [propext, Classical.choice, Quot.sound]
'LittlewoodInverse.Majority.integral_phaseTarget_mul_phaseTest' depends on axioms: [propext,
 Classical.choice,
 Quot.sound]
'LittlewoodInverse.Majority.integral_phase_balanced_identity_real' depends on axioms: [propext,
 Classical.choice,
 Quot.sound]
'LittlewoodInverse.Majority.mixedMonomial_aestronglyMeasurable' depends on axioms: [propext,
 Classical.choice,
 Quot.sound]
'LittlewoodInverse.Majority.norm_mixedMonomial_le_one' depends on axioms: [propext, Classical.choice, Quot.sound]
'LittlewoodInverse.Majority.mixedMonomial_ae_bound' depends on axioms: [propext, Classical.choice, Quot.sound]
'LittlewoodInverse.Majority.mixed_pair_integrable' depends on axioms: [propext, Classical.choice, Quot.sound]
'LittlewoodInverse.Majority.integral_phase_balanced_pairings' depends on axioms: [propext, Classical.choice, Quot.sound]
'LittlewoodInverse.Majority.exists_balanced_pairing' depends on axioms: [propext, Classical.choice, Quot.sound]
'LittlewoodInverse.Majority.exists_balanced_higher_monomial' depends on axioms: [propext, Classical.choice, Quot.sound]
'LittlewoodInverse.Majority.exists_balanced_higher_monomial_of_ratio' depends on axioms: [propext,
 Classical.choice,
 Quot.sound]
'LittlewoodInverse.structural_inverse_of_terminal' depends on axioms: [propext,
 Classical.choice,
 Quot.sound,
 LittlewoodInverse.External.mps_weighted]
'LittlewoodInverse.MomentCertificate.finite_error_bound' depends on axioms: [propext, Classical.choice, Quot.sound]
'LittlewoodInverse.MomentCounting.fourier_sum' depends on axioms: [propext, Classical.choice, Quot.sound]
'LittlewoodInverse.MomentCounting.polynomial_pow' depends on axioms: [propext, Classical.choice, Quot.sound]
'LittlewoodInverse.MomentCounting.norm_even_pow_expansion' depends on axioms: [propext, Classical.choice, Quot.sound]
'LittlewoodInverse.MomentCounting.integral_even_moment' depends on axioms: [propext, Classical.choice, Quot.sound]
'LittlewoodInverse.additiveEnergy_le_card_cube' depends on axioms: [propext, Classical.choice, Quot.sound]
'LittlewoodInverse.one_le_littlewoodNorm' depends on axioms: [propext, Classical.choice, Quot.sound]
'LittlewoodInverse.integral_norm_le_sqrt_integral_norm_sq' depends on axioms: [propext, Classical.choice, Quot.sound]
'LittlewoodInverse.littlewoodNorm_le_sqrt_card' depends on axioms: [propext, Classical.choice, Quot.sound]
'LittlewoodInverse.integral_norm_sq_fourierPolynomial_sub' depends on axioms: [propext, Classical.choice, Quot.sound]
'LittlewoodInverse.littlewoodNorm_sub_le_sqrt_symmDiff' depends on axioms: [propext, Classical.choice, Quot.sound]
'LittlewoodInverse.fourierPolynomial_translate' depends on axioms: [propext, Classical.choice, Quot.sound]
'LittlewoodInverse.littlewoodNorm_translate' depends on axioms: [propext, Classical.choice, Quot.sound]
'LittlewoodInverse.fourierPolynomial_dilate' depends on axioms: [propext, Classical.choice, Quot.sound]
'LittlewoodInverse.littlewoodNorm_dilate' depends on axioms: [propext, Classical.choice, Quot.sound]
'LittlewoodInverse.littlewoodNorm_affine' depends on axioms: [propext, Classical.choice, Quot.sound]
'LittlewoodInverse.NumericalConstant.tailError_upper' depends on axioms: [propext, Classical.choice, Quot.sound]
'LittlewoodInverse.NumericalConstant.littlewoodCoefficient_gt_decimal' depends on axioms: [propext,
 Classical.choice,
 Quot.sound]
'LittlewoodInverse.NumericalConstant.littlewoodCoefficient_gt_sharp_decimal' depends on axioms: [propext,
 Classical.choice,
 Quot.sound]
'LittlewoodInverse.OuterAlgebra.pairProducts_nonneg' depends on axioms: [propext, Classical.choice, Quot.sound]
'LittlewoodInverse.OuterAlgebra.pairProducts_eq_half' depends on axioms: [propext, Classical.choice, Quot.sound]
'LittlewoodInverse.OuterAlgebra.bonferroni_two' depends on axioms: [propext, Classical.choice, Quot.sound]
'LittlewoodInverse.OuterAlgebra.q_eq_one_sub_sq' depends on axioms: [propext, Classical.choice, Quot.sound]
'LittlewoodInverse.OuterAlgebra.q_mem_Icc' depends on axioms: [propext, Classical.choice, Quot.sound]
'LittlewoodInverse.OuterAlgebra.outer_update_bound' depends on axioms: [propext, Classical.choice, Quot.sound]
'LittlewoodInverse.OuterAlgebra.one_sub_exp_neg_le' depends on axioms: [propext, Classical.choice, Quot.sound]
'LittlewoodInverse.OuterAlgebra.whole_product_reduction' depends on axioms: [propext, Classical.choice, Quot.sound]
'LittlewoodInverse.OuterAlgebra.weighted_cauchy' depends on axioms: [propext, Classical.choice, Quot.sound]
'LittlewoodInverse.OuterAlgebra.coupled_tail' depends on axioms: [propext, Classical.choice, Quot.sound]
'LittlewoodInverse.OuterAlgebra.first_level_expansion' depends on axioms: [propext, Classical.choice, Quot.sound]
'LittlewoodInverse.OuterAlgebra.first_level_polynomial_majorant' depends on axioms: [propext,
 Classical.choice,
 Quot.sound]
'LittlewoodInverse.OuterAlgebra.first_level_coefficient_pos' depends on axioms: [propext, Classical.choice, Quot.sound]
'LittlewoodInverse.OuterAlgebra.first_tail_weight' depends on axioms: [propext, Classical.choice, Quot.sound]
'LittlewoodInverse.OuterAlgebra.second_tail_weight' depends on axioms: [propext, Classical.choice, Quot.sound]
'LittlewoodInverse.OuterAlgebra.tail_constant_algebra' depends on axioms: [propext, Classical.choice, Quot.sound]
'LittlewoodInverse.OuterAlgebra.finite_geometric_weights' depends on axioms: [propext, Classical.choice, Quot.sound]
'LittlewoodInverse.OuterAlgebra.finite_weight_budget' depends on axioms: [propext, Classical.choice, Quot.sound]
'LittlewoodInverse.OuterAlgebra.higher_tail_weight_lower' depends on axioms: [propext, Classical.choice, Quot.sound]
'LittlewoodInverse.OuterAlgebra.convex_endpoint_majorant' depends on axioms: [propext, Classical.choice, Quot.sound]
'LittlewoodInverse.OuterAlgebra.log_ten_lt_five_halves' depends on axioms: [propext, Classical.choice, Quot.sound]
'LittlewoodInverse.OuterAlgebra.scalar_endpoint_negative' depends on axioms: [propext, Classical.choice, Quot.sound]
'LittlewoodInverse.OuterAlgebra.log_nine_upper' depends on axioms: [propext, Classical.choice, Quot.sound]
'LittlewoodInverse.OuterAlgebra.coefficient_gt_decimal' depends on axioms: [propext, Classical.choice, Quot.sound]
'LittlewoodInverse.circleFourierCoeff_eq_fourierCoeff' depends on axioms: [propext, Classical.choice, Quot.sound]
'LittlewoodInverse.circleFourierCoeff_conj' depends on axioms: [propext, Classical.choice, Quot.sound]
'LittlewoodInverse.hasSum_conj_circleFourierCoeff_mul' depends on axioms: [propext, Classical.choice, Quot.sound]
'LittlewoodInverse.circleFourierCoeff_zero' depends on axioms: [propext, Classical.choice, Quot.sound]
'LittlewoodInverse.integral_mul_of_nonpositive_support' depends on axioms: [propext, Classical.choice, Quot.sound]
'LittlewoodInverse.circleFourierCoeff_mul_fourier' depends on axioms: [propext, Classical.choice, Quot.sound]
'LittlewoodInverse.memLp_mul_fourier' depends on axioms: [propext, Classical.choice, Quot.sound]
'LittlewoodInverse.nonpositive_support_mul' depends on axioms: [propext, Classical.choice, Quot.sound]
'LittlewoodInverse.memLp_finset_prod_top' depends on axioms: [propext, Classical.choice, Quot.sound]
'LittlewoodInverse.finite_product_nonpositive_support_mean' depends on axioms: [propext, Classical.choice, Quot.sound]
'LittlewoodInverse.schwarzIntegral_zero' depends on axioms: [propext, Classical.choice, Quot.sound]
'LittlewoodInverse.exists_nonpositive_outer_of_log' depends on axioms: [propext,
 Classical.choice,
 Quot.sound,
 LittlewoodInverse.HardyExternal.bounded_holomorphic_radial_boundary,
 LittlewoodInverse.HardyExternal.schwarz_integral_boundary]
'LittlewoodInverse.outer_damping' depends on axioms: [propext,
 Classical.choice,
 Quot.sound,
 LittlewoodInverse.HardyExternal.bounded_holomorphic_radial_boundary,
 LittlewoodInverse.HardyExternal.schwarz_integral_boundary]
'LittlewoodInverse.finite_product_mean_eq_prod_zeroCoeff' depends on axioms: [propext, Classical.choice, Quot.sound]
'LittlewoodInverse.norm_fourierPolynomial_le_card' depends on axioms: [propext, Classical.choice, Quot.sound]
'LittlewoodInverse.outer_damping_fourierPolynomial' depends on axioms: [propext,
 Classical.choice,
 Quot.sound,
 LittlewoodInverse.HardyExternal.bounded_holomorphic_radial_boundary,
 LittlewoodInverse.HardyExternal.schwarz_integral_boundary]
'LittlewoodInverse.outer_update_bound' depends on axioms: [propext, Classical.choice, Quot.sound]
'LittlewoodInverse.normalizedPolynomial_upperSpectrum' depends on axioms: [propext, Classical.choice, Quot.sound]
'LittlewoodInverse.interval_subset_upperSpectrum' depends on axioms: [propext, Classical.choice, Quot.sound]
'LittlewoodInverse.upperSpectrum_mul' depends on axioms: [propext, Classical.choice, Quot.sound]
'LittlewoodInverse.dampedTest_upperSpectrum' depends on axioms: [propext, Classical.choice, Quot.sound]
'LittlewoodInverse.damped_interval_endpoint' depends on axioms: [propext, Classical.choice, Quot.sound]
'LittlewoodInverse.outer_interval_endpoint' depends on axioms: [propext, Classical.choice, Quot.sound]
'LittlewoodInverse.outer_interval_log_endpoint' depends on axioms: [propext, Classical.choice, Quot.sound]
'LittlewoodInverse.exists_dampingData' depends on axioms: [propext,
 Classical.choice,
 Quot.sound,
 LittlewoodInverse.HardyExternal.bounded_holomorphic_radial_boundary,
 LittlewoodInverse.HardyExternal.schwarz_integral_boundary]
'LittlewoodInverse.DenseBlocks.certificateBudget_ge_one' depends on axioms: [propext,
 Classical.choice,
 Quot.sound,
 LittlewoodInverse.External.mps_weighted]
'LittlewoodInverse.DenseBlocks.uniform_certificate_budget' depends on axioms: [propext,
 Classical.choice,
 Quot.sound,
 LittlewoodInverse.External.mps_weighted]
'LittlewoodInverse.circleFourierCoeff_modulate' depends on axioms: [propext, Classical.choice, Quot.sound]
'LittlewoodInverse.DenseBlocks.certificate_continuous' depends on axioms: [propext, Classical.choice, Quot.sound]
'LittlewoodInverse.DenseBlocks.certificate_norm_le' depends on axioms: [propext, Classical.choice, Quot.sound]
'LittlewoodInverse.DenseBlocks.certificate_coeff' depends on axioms: [propext, Classical.choice, Quot.sound]
'LittlewoodInverse.DenseBlocks.other_block_coeff_zero' depends on axioms: [propext, Classical.choice, Quot.sound]
'LittlewoodInverse.DenseBlocks.certificate_pairing' depends on axioms: [propext, Classical.choice, Quot.sound]
'LittlewoodInverse.PacketEnergy.integral_cube_mul_fourth_le' depends on axioms: [propext, Classical.choice, Quot.sound]
'LittlewoodInverse.PacketEnergy.fourier_cube_mul_fourth_le' depends on axioms: [propext, Classical.choice, Quot.sound]
'LittlewoodInverse.PacketEnergy.highmoment_le' depends on axioms: [propext, Classical.choice, Quot.sound]
'LittlewoodInverse.PacketEnergy.highmoment_fourth_le' depends on axioms: [propext, Classical.choice, Quot.sound]
'LittlewoodInverse.PacketEnergy.shifted_relation_integral' depends on axioms: [propext, Classical.choice, Quot.sound]
'LittlewoodInverse.PacketEnergy.shifted_relation_le_highmoment' depends on axioms: [propext,
 Classical.choice,
 Quot.sound]
'LittlewoodInverse.PacketEnergy.shifted_relation_energy_bound' depends on axioms: [propext,
 Classical.choice,
 Quot.sound]
'LittlewoodInverse.PacketEnergy.shifted_relations_fourth_bound' depends on axioms: [propext,
 Classical.choice,
 Quot.sound]
'LittlewoodInverse.PacketEnergy.energy_from_shifted_relations' depends on axioms: [propext,
 Classical.choice,
 Quot.sound]
'LittlewoodInverse.PacketEnergy.carryRange_nonempty' depends on axioms: [propext, Classical.choice, Quot.sound]
'LittlewoodInverse.PacketEnergy.carryRange_card' depends on axioms: [propext, Classical.choice, Quot.sound]
'LittlewoodInverse.PacketEnergy.exponential_carry_bound' depends on axioms: [propext, Classical.choice, Quot.sound]
'LittlewoodInverse.PacketEnergy.exponential_energy_from_relations' depends on axioms: [propext,
 Classical.choice,
 Quot.sound]
'LittlewoodInverse.PacketEnergy.exponential_energy_small_set' depends on axioms: [propext, Classical.choice, Quot.sound]
'LittlewoodInverse.DenseBlocks.translated_disjoint' depends on axioms: [propext, Classical.choice, Quot.sound]
'LittlewoodInverse.DenseBlocks.card_eq_sum' depends on axioms: [propext, Classical.choice, Quot.sound]
'LittlewoodInverse.DenseBlocks.block_card_upper' depends on axioms: [propext, Classical.choice, Quot.sound]
'LittlewoodInverse.DenseBlocks.card_lower' depends on axioms: [propext, Classical.choice, Quot.sound]
'LittlewoodInverse.DenseBlocks.card_upper' depends on axioms: [propext, Classical.choice, Quot.sound]
'LittlewoodInverse.DenseBlocks.card_upper_density' depends on axioms: [propext, Classical.choice, Quot.sound]
'LittlewoodInverse.DenseBlocks.labels_card' depends on axioms: [propext, Classical.choice, Quot.sound]
'LittlewoodInverse.DenseBlocks.label_image_indexSet' depends on axioms: [propext, Classical.choice, Quot.sound]
'LittlewoodInverse.DenseBlocks.indexSet_card' depends on axioms: [propext, Classical.choice, Quot.sound]
'LittlewoodInverse.DenseBlocks.labelLift_card_eq' depends on axioms: [propext, Classical.choice, Quot.sound]
'LittlewoodInverse.DenseBlocks.labelLift_card_lower' depends on axioms: [propext, Classical.choice, Quot.sound]
'LittlewoodInverse.DenseBlocks.labelLift_card_upper' depends on axioms: [propext, Classical.choice, Quot.sound]
'LittlewoodInverse.DenseBlocks.labelLift_subset' depends on axioms: [propext, Classical.choice, Quot.sound]
'LittlewoodInverse.DenseBlocks.labelLift_disjoint' depends on axioms: [propext, Classical.choice, Quot.sound]
'LittlewoodInverse.DenseBlocks.labelLift_representation' depends on axioms: [propext, Classical.choice, Quot.sound]
'LittlewoodInverse.DenseBlocks.labelLift_sumset_card' depends on axioms: [propext, Classical.choice, Quot.sound]
'LittlewoodInverse.DenseBlocks.mem_labelLift' depends on axioms: [propext, Classical.choice, Quot.sound]
'LittlewoodInverse.DenseBlocks.labelLift_labels' depends on axioms: [propext, Classical.choice, Quot.sound]
'LittlewoodInverse.DenseBlocks.labelLift_sdiff' depends on axioms: [propext, Classical.choice, Quot.sound]
'LittlewoodInverse.DenseBlocks.labelLift_biUnion' depends on axioms: [propext, Classical.choice, Quot.sound]
'LittlewoodInverse.DenseBlocks.almostCover_of_labels' depends on axioms: [propext, Classical.choice, Quot.sound]
'LittlewoodInverse.PacketEnergy.shiftedRelations_card' depends on axioms: [propext, Classical.choice, Quot.sound]
'LittlewoodInverse.PacketEnergy.ordered_count_le_relations' depends on axioms: [propext, Classical.choice, Quot.sound]
'LittlewoodInverse.DenseBlocks.balanced_pairing_label_witness_reindex' depends on axioms: [propext,
 Classical.choice,
 Quot.sound]
'LittlewoodInverse.DenseBlocks.label_hereditary_energy' depends on axioms: [propext, Classical.choice, Quot.sound]
'LittlewoodInverse.circleFourierCoeff_mul_eq_tsum' depends on axioms: [propext, Classical.choice, Quot.sound]
'LittlewoodInverse.spectrumIn_mul' depends on axioms: [propext, Classical.choice, Quot.sound]
'LittlewoodInverse.spectrumIn_conj' depends on axioms: [propext, Classical.choice, Quot.sound]
'LittlewoodInverse.spectrumIn_one' depends on axioms: [propext, Classical.choice, Quot.sound]
'LittlewoodInverse.spectrumIn_prod' depends on axioms: [propext, Classical.choice, Quot.sound]
'LittlewoodInverse.finset_floor_error' depends on axioms: [propext, Classical.choice, Quot.sound]
'LittlewoodInverse.bounded_finset_floor_carry' depends on axioms: [propext, Classical.choice, Quot.sound]
'LittlewoodInverse.DenseBlocks.certificate_spectrum' depends on axioms: [propext, Classical.choice, Quot.sound]
'LittlewoodInverse.DenseBlocks.certificate_memLp' depends on axioms: [propext, Classical.choice, Quot.sound]
'LittlewoodInverse.DenseBlocks.balancedCertificate_continuous' depends on axioms: [propext,
 Classical.choice,
 Quot.sound]
'LittlewoodInverse.DenseBlocks.balancedCertificate_spectrum' depends on axioms: [propext, Classical.choice, Quot.sound]
'LittlewoodInverse.DenseBlocks.balanced_pairing_witness' depends on axioms: [propext, Classical.choice, Quot.sound]
'LittlewoodInverse.DenseBlocks.balanced_pairing_label_witness' depends on axioms: [propext,
 Classical.choice,
 Quot.sound]
'LittlewoodInverse.interlacedSet_energy_size_cost' depends on axioms: [propext, Classical.choice, Quot.sound]
'LittlewoodInverse.interlacedSet_doubling_cost' depends on axioms: [propext, Classical.choice, Quot.sound]
'LittlewoodInverse.interlacedSet_low_norm' depends on axioms: [propext, Classical.choice, Quot.sound]
'LittlewoodInverse.prefix_coefficient_obstruction' depends on axioms: [propext, Classical.choice, Quot.sound]
'LittlewoodInverse.initial_segment_parameter_obstruction' depends on axioms: [propext, Classical.choice, Quot.sound]
'LittlewoodInverse.prefix_threshold_eventually_ge_fibres' depends on axioms: [propext, Classical.choice, Quot.sound]
'LittlewoodInverse.finite_peeling' depends on axioms: [propext, Classical.choice, Quot.sound]
'LittlewoodInverse.disjoint_block_count' depends on axioms: [propext, Classical.choice, Quot.sound]
'LittlewoodInverse.hereditary_energy_cover' depends on axioms: [propext,
 Classical.choice,
 Quot.sound,
 LittlewoodInverse.External.polynomial_bsg]
'LittlewoodInverse.hereditary_energy_cover_polynomial' depends on axioms: [propext,
 Classical.choice,
 Quot.sound,
 LittlewoodInverse.External.polynomial_bsg]
'LittlewoodInverse.continuous_intervalIntegrable_div_id' depends on axioms: [propext, Classical.choice, Quot.sound]
'LittlewoodInverse.periodic_integral_upto_le' depends on axioms: [propext, Classical.choice, Quot.sound]
'LittlewoodInverse.periodic_harmonic_lower' depends on axioms: [propext, Classical.choice, Quot.sound]
'LittlewoodInverse.integral_scaled_div_id' depends on axioms: [propext, Classical.choice, Quot.sound]
'LittlewoodInverse.periodic_scaled_integral_le' depends on axioms: [propext, Classical.choice, Quot.sound]
'LittlewoodInverse.periodic_harmonic_upper' depends on axioms: [propext, Classical.choice, Quot.sound]
'LittlewoodInverse.periodic_harmonic_error' depends on axioms: [propext, Classical.choice, Quot.sound]
'LittlewoodInverse.eventually_log_square_small' depends on axioms: [propext, Classical.choice, Quot.sound]
'LittlewoodInverse.exceptional_perturbation_inverse' depends on axioms: [propext, Classical.choice, Quot.sound]
'LittlewoodInverse.card_sdiff_le_symmDiff' depends on axioms: [propext, Classical.choice, Quot.sound]
'LittlewoodInverse.card_le_card_add_symmDiff' depends on axioms: [propext, Classical.choice, Quot.sound]
'LittlewoodInverse.almostCover_intersect' depends on axioms: [propext, Classical.choice, Quot.sound]
'LittlewoodInverse.PhaseNormalization.phase_zero' depends on axioms: [propext, Classical.choice, Quot.sound]
'LittlewoodInverse.PhaseNormalization.norm_phase_le_one' depends on axioms: [propext, Classical.choice, Quot.sound]
'LittlewoodInverse.PhaseNormalization.norm_phase_eq_one' depends on axioms: [propext, Classical.choice, Quot.sound]
'LittlewoodInverse.PhaseNormalization.norm_mul_phase' depends on axioms: [propext, Classical.choice, Quot.sound]
'LittlewoodInverse.PhaseNormalization.phase_perturbation_weighted' depends on axioms: [propext,
 Classical.choice,
 Quot.sound]
'LittlewoodInverse.PhaseNormalization.phase_perturbation' depends on axioms: [propext, Classical.choice, Quot.sound]
'LittlewoodInverse.PhaseNormalization.phase_difference_le_two' depends on axioms: [propext,
 Classical.choice,
 Quot.sound]
'LittlewoodInverse.PhaseNormalization.self_pair' depends on axioms: [propext, Classical.choice, Quot.sound]
'LittlewoodInverse.PhaseNormalization.pairing_loss_le' depends on axioms: [propext, Classical.choice, Quot.sound]
'LittlewoodInverse.PhaseNormalization.phase_aestronglyMeasurable' depends on axioms: [propext,
 Classical.choice,
 Quot.sound]
'LittlewoodInverse.PhaseNormalization.phase_pair_integrable' depends on axioms: [propext, Classical.choice, Quot.sound]
'LittlewoodInverse.PhaseNormalization.weighted_phase_error_integrable' depends on axioms: [propext,
 Classical.choice,
 Quot.sound]
'LittlewoodInverse.PhaseNormalization.integral_pairing_loss_le' depends on axioms: [propext,
 Classical.choice,
 Quot.sound]
'LittlewoodInverse.PhaseNormalization.phase_positive_mul' depends on axioms: [propext, Classical.choice, Quot.sound]
'LittlewoodInverse.PhaseNormalization.pairing_loss_le_model' depends on axioms: [propext, Classical.choice, Quot.sound]
'LittlewoodInverse.PhaseNormalization.quotient_conj_eq_phase_sq' depends on axioms: [propext,
 Classical.choice,
 Quot.sound]
'LittlewoodInverse.PhaseNormalization.quotient_conj_norm_le' depends on axioms: [propext, Classical.choice, Quot.sound]
'LittlewoodInverse.PhaseNormalization.quotient_conj_perturbation' depends on axioms: [propext,
 Classical.choice,
 Quot.sound]
'LittlewoodInverse.PhaseNormalization.small_arc_integral' depends on axioms: [propext, Classical.choice, Quot.sound]
'LittlewoodInverse.PhaseNormalization.large_arc_integrable' depends on axioms: [propext, Classical.choice, Quot.sound]
'LittlewoodInverse.PhaseNormalization.large_arc_integral' depends on axioms: [propext, Classical.choice, Quot.sound]
'LittlewoodInverse.PhaseNormalization.two_arc_error_bound' depends on axioms: [propext, Classical.choice, Quot.sound]
'LittlewoodInverse.PhaseNormalization.finite_two_arc_error_bound' depends on axioms: [propext,
 Classical.choice,
 Quot.sound]
'LittlewoodInverse.fourierPolynomial_norm_le_card' depends on axioms: [propext, Classical.choice, Quot.sound]
'LittlewoodInverse.freiman_even_polynomial_integral' depends on axioms: [propext, Classical.choice, Quot.sound]
'LittlewoodInverse.freiman_norm_transport_of_approximation' depends on axioms: [propext, Classical.choice, Quot.sound]
'LittlewoodInverse.dampingTail_eq_reindexed' depends on axioms: [propext, Classical.choice, Quot.sound]
'LittlewoodInverse.initial_segment_pairing_uniform' depends on axioms: [propext, Classical.choice, Quot.sound]
'LittlewoodInverse.geometric_prefix_lower_bound' depends on axioms: [propext,
 Classical.choice,
 Quot.sound,
 LittlewoodInverse.HardyExternal.bounded_holomorphic_radial_boundary,
 LittlewoodInverse.HardyExternal.schwarz_integral_boundary]
'LittlewoodInverse.PrefixCounting.relation_card' depends on axioms: [propext, Classical.choice, Quot.sound]
'LittlewoodInverse.PrefixCounting.ordered_count_filter' depends on axioms: [propext, Classical.choice, Quot.sound]
'LittlewoodInverse.PrefixCounting.reflected_count' depends on axioms: [propext, Classical.choice, Quot.sound]
'LittlewoodInverse.PrefixCounting.diagonal_count' depends on axioms: [propext, Classical.choice, Quot.sound]
'LittlewoodInverse.PrefixCounting.ordered_collision_identity' depends on axioms: [propext, Classical.choice, Quot.sound]
'LittlewoodInverse.indexedFourierSum_continuous' depends on axioms: [propext, Classical.choice, Quot.sound]
'LittlewoodInverse.indexedFourierSum_second_moment' depends on axioms: [propext, Classical.choice, Quot.sound]
'LittlewoodInverse.integrable_mul_fourier' depends on axioms: [propext, Classical.choice, Quot.sound]
'LittlewoodInverse.circlePairing_fourier_mul' depends on axioms: [propext, Classical.choice, Quot.sound]
'LittlewoodInverse.circlePairing_fourierPolynomial_mul' depends on axioms: [propext, Classical.choice, Quot.sound]
'LittlewoodInverse.initial_segment_pairing_localization' depends on axioms: [propext, Classical.choice, Quot.sound]
'LittlewoodInverse.prefixKernel_continuous' depends on axioms: [propext, Classical.choice, Quot.sound]
'LittlewoodInverse.prefixKernel_second_moment' depends on axioms: [propext, Classical.choice, Quot.sound]
'LittlewoodInverse.integrable_fourier_mul_star' depends on axioms: [propext, Classical.choice, Quot.sound]
'LittlewoodInverse.circlePairing_indexedFourierSum' depends on axioms: [propext, Classical.choice, Quot.sound]
'LittlewoodInverse.pairing_eq_prefixKernel' depends on axioms: [propext, Classical.choice, Quot.sound]
'LittlewoodInverse.prefixKernel_integral' depends on axioms: [propext, Classical.choice, Quot.sound]
'LittlewoodInverse.circlePairing_cauchy_schwarz_sq' depends on axioms: [propext, Classical.choice, Quot.sound]
'LittlewoodInverse.prefix_pairing_error_identity' depends on axioms: [propext, Classical.choice, Quot.sound]
'LittlewoodInverse.initial_segment_pairing_error_sq' depends on axioms: [propext, Classical.choice, Quot.sound]
'LittlewoodInverse.circlePairing_div_nat_right' depends on axioms: [propext, Classical.choice, Quot.sound]
'LittlewoodInverse.initial_segment_pairing_error' depends on axioms: [propext, Classical.choice, Quot.sound]
'LittlewoodInverse.almostCover_of_macroscopic_energy' depends on axioms: [propext,
 Classical.choice,
 Quot.sound,
 LittlewoodInverse.External.polynomial_bsg]
'LittlewoodInverse.uniformAlmostCovers_implies_energy' depends on axioms: [propext, Classical.choice, Quot.sound]
'LittlewoodInverse.uniformMacroscopicEnergy_implies_cover' depends on axioms: [propext,
 Classical.choice,
 Quot.sound,
 LittlewoodInverse.External.polynomial_bsg]
'LittlewoodInverse.uniform_cover_iff_macroscopic_energy' depends on axioms: [propext,
 Classical.choice,
 Quot.sound,
 LittlewoodInverse.External.polynomial_bsg]
'LittlewoodInverse.littlewood_asymptotic' depends on axioms: [propext,
 Classical.choice,
 Quot.sound,
 LittlewoodInverse.HardyExternal.bounded_holomorphic_radial_boundary,
 LittlewoodInverse.HardyExternal.schwarz_integral_boundary]
'LittlewoodInverse.sincMoment_nat_pos' depends on axioms: [propext, Classical.choice, Quot.sound]
'LittlewoodInverse.momentCoefficient_pos' depends on axioms: [propext, Classical.choice, Quot.sound]
'LittlewoodInverse.Landau.b_sq_asymptotic_error' depends on axioms: [propext, Classical.choice, Quot.sound]
'LittlewoodInverse.quantitative_theorem' depends on axioms: [propext,
 Classical.choice,
 Quot.sound,
 LittlewoodInverse.HardyExternal.bounded_holomorphic_radial_boundary,
 LittlewoodInverse.HardyExternal.schwarz_integral_boundary]
'LittlewoodInverse.modelMap_freiman' depends on axioms: [propext, Classical.choice, Quot.sound]
'LittlewoodInverse.modelMap_image' depends on axioms: [propext, Classical.choice, Quot.sound]
'LittlewoodInverse.models_card' depends on axioms: [propext, Classical.choice, Quot.sound]
'LittlewoodInverse.repeated_model_norm_transport' depends on axioms: [propext, Classical.choice, Quot.sound]
'LittlewoodInverse.fibre_norm_le' depends on axioms: [propext, Classical.choice, Quot.sound]
'LittlewoodInverse.residue_reconstruction' depends on axioms: [propext, Classical.choice, Quot.sound]
'LittlewoodInverse.affineImage_residueChild' depends on axioms: [propext, Classical.choice, Quot.sound]
'LittlewoodInverse.fibreUnion_residueChild' depends on axioms: [propext, Classical.choice, Quot.sound]
'LittlewoodInverse.residue_projection_norm_le' depends on axioms: [propext, Classical.choice, Quot.sound]
'LittlewoodInverse.assembly_retained_leaves' depends on axioms: [propext,
 Classical.choice,
 Quot.sound,
 LittlewoodInverse.External.mps_weighted]
'LittlewoodInverse.ScalarCoupling.hasSum_logRemainder' depends on axioms: [propext, Classical.choice, Quot.sound]
'LittlewoodInverse.ScalarCoupling.logRemainder_mul_le' depends on axioms: [propext, Classical.choice, Quot.sound]
'LittlewoodInverse.ScalarCoupling.h_eq_remainder' depends on axioms: [propext, Classical.choice, Quot.sound]
'LittlewoodInverse.ScalarCoupling.h_cubic_majorant' depends on axioms: [propext, Classical.choice, Quot.sound]
'LittlewoodInverse.ScalarCoupling.scalar_large_b_pointwise' depends on axioms: [propext, Classical.choice, Quot.sound]
'LittlewoodInverse.ScalarCoupling.normalizedMagnitude_continuous' depends on axioms: [propext,
 Classical.choice,
 Quot.sound]
'LittlewoodInverse.ScalarCoupling.normalizedMagnitude_nonneg' depends on axioms: [propext, Classical.choice, Quot.sound]
'LittlewoodInverse.ScalarCoupling.normalizedMagnitude_le_one' depends on axioms: [propext, Classical.choice, Quot.sound]
'LittlewoodInverse.ScalarCoupling.normalized_second_moment' depends on axioms: [propext, Classical.choice, Quot.sound]
'LittlewoodInverse.ScalarCoupling.normalized_moment_le_one' depends on axioms: [propext, Classical.choice, Quot.sound]
'LittlewoodInverse.ScalarCoupling.scalar_large_b_integral' depends on axioms: [propext, Classical.choice, Quot.sound]
'LittlewoodInverse.ScalarCoupling.hasSum_tailFromFive' depends on axioms: [propext, Classical.choice, Quot.sound]
'LittlewoodInverse.ScalarCoupling.tailFromFive_eq_tsum' depends on axioms: [propext, Classical.choice, Quot.sound]
'LittlewoodInverse.ScalarCoupling.first_level_exact' depends on axioms: [propext, Classical.choice, Quot.sound]
'LittlewoodInverse.ScalarCoupling.first_level_pointwise_tail' depends on axioms: [propext, Classical.choice, Quot.sound]
'LittlewoodInverse.ScalarCoupling.first_level_pointwise' depends on axioms: [propext, Classical.choice, Quot.sound]
'LittlewoodInverse.ScalarCoupling.hasSum_integral_tail' depends on axioms: [propext, Classical.choice, Quot.sound]
'LittlewoodInverse.ScalarCoupling.normalized_integral_tail_eq_tsum' depends on axioms: [propext,
 Classical.choice,
 Quot.sound]
'LittlewoodInverse.ScalarCoupling.first_level_integral' depends on axioms: [propext, Classical.choice, Quot.sound]
'LittlewoodInverse.SeriesCertificate.summable_momentSeries' depends on axioms: [propext, Classical.choice, Quot.sound]
'LittlewoodInverse.SeriesCertificate.momentSeries_le_finite' depends on axioms: [propext, Classical.choice, Quot.sound]
'LittlewoodInverse.SeriesCertificate.tailError_eq_momentSeries' depends on axioms: [propext,
 Classical.choice,
 Quot.sound]
'LittlewoodInverse.SeriesCertificate.tailError_eq_delta' depends on axioms: [propext, Classical.choice, Quot.sound]
'LittlewoodInverse.SeriesCertificate.tailError_nonneg' depends on axioms: [propext, Classical.choice, Quot.sound]
'LittlewoodInverse.SharpLogBounds.log_nine_upper' depends on axioms: [propext, Classical.choice, Quot.sound]
'LittlewoodInverse.SharpLogBounds.log_ten_upper' depends on axioms: [propext, Classical.choice, Quot.sound]
'LittlewoodInverse.SharpLogBounds.endpoint_sharp_upper' depends on axioms: [propext, Classical.choice, Quot.sound]
'LittlewoodInverse.SharpLogBounds.coefficient_gt_sharp_decimal' depends on axioms: [propext,
 Classical.choice,
 Quot.sound]
'LittlewoodInverse.complex_pointwise_excess' depends on axioms: [propext, Classical.choice, Quot.sound]
'LittlewoodInverse.sidon_bernoulli_twenty' depends on axioms: [propext, Classical.choice, Quot.sound]
'LittlewoodInverse.sidon_small_denominator' depends on axioms: [propext, Classical.choice, Quot.sound]
'LittlewoodInverse.sidon_small_variance' depends on axioms: [propext, Classical.choice, Quot.sound]
'LittlewoodInverse.sidon_large_variance' depends on axioms: [propext, Classical.choice, Quot.sound]
'LittlewoodInverse.sidon_large_variance_sqrt' depends on axioms: [propext, Classical.choice, Quot.sound]
'LittlewoodInverse.sidon_twentieth_from_scalar_bounds' depends on axioms: [propext, Classical.choice, Quot.sound]
'LittlewoodInverse.coefficient_twentieth_le_square' depends on axioms: [propext, Classical.choice, Quot.sound]
'LittlewoodInverse.sidon_excess_gram' depends on axioms: [propext, Classical.choice, Quot.sound]
'LittlewoodInverse.sidon_imaginary_second_moment' depends on axioms: [propext, Classical.choice, Quot.sound]
'LittlewoodInverse.sidon_third_moment' depends on axioms: [propext, Classical.choice, Quot.sound]
'LittlewoodInverse.sidon_small_t_analytic' depends on axioms: [propext, Classical.choice, Quot.sound]
'LittlewoodInverse.integral_L1_sq_ge_half_L2' depends on axioms: [propext, Classical.choice, Quot.sound]
'LittlewoodInverse.sidon_shifted_second_moment' depends on axioms: [propext, Classical.choice, Quot.sound]
'LittlewoodInverse.sidon_twentieth_analytic' depends on axioms: [propext, Classical.choice, Quot.sound]
'LittlewoodInverse.sidon_fibre_energy_bound' depends on axioms: [propext, Classical.choice, Quot.sound]
'LittlewoodInverse.ternary_power_strictMono' depends on axioms: [propext, Classical.choice, Quot.sound]
'LittlewoodInverse.ternary_sum_sorted' depends on axioms: [propext, Classical.choice, Quot.sound]
'LittlewoodInverse.ternary_powers_sidon' depends on axioms: [propext, Classical.choice, Quot.sound]
'LittlewoodInverse.ternary_pow_lt' depends on axioms: [propext, Classical.choice, Quot.sound]
'LittlewoodInverse.ternary_pair_sum_lt' depends on axioms: [propext, Classical.choice, Quot.sound]
'LittlewoodInverse.ternaryResidues_card' depends on axioms: [propext, Classical.choice, Quot.sound]
'LittlewoodInverse.ternaryResidues_sidon' depends on axioms: [propext, Classical.choice, Quot.sound]
'LittlewoodInverse.uniform_fibre_norm_upper' depends on axioms: [propext, Classical.choice, Quot.sound]
'LittlewoodInverse.uniform_fibre_card' depends on axioms: [propext, Classical.choice, Quot.sound]
'LittlewoodInverse.interlacedSet_card' depends on axioms: [propext, Classical.choice, Quot.sound]
'LittlewoodInverse.integerInterval_card' depends on axioms: [propext, Classical.choice, Quot.sound]
'LittlewoodInverse.interlacedSet_norm' depends on axioms: [propext, Classical.choice, Quot.sound]
'LittlewoodInverse.uniform_fibre_energy' depends on axioms: [propext, Classical.choice, Quot.sound]
'LittlewoodInverse.interlacedSet_energy' depends on axioms: [propext, Classical.choice, Quot.sound]
'LittlewoodInverse.interval_as_blockInflation' depends on axioms: [propext, Classical.choice, Quot.sound]
'LittlewoodInverse.interval_terminal' depends on axioms: [propext, Classical.choice, Quot.sound]
'LittlewoodInverse.interlacedSet_assembly' depends on axioms: [propext, Classical.choice, Quot.sound]
'LittlewoodInverse.uniform_fibre_prefix_layers' depends on axioms: [propext, Classical.choice, Quot.sound]
'LittlewoodInverse.uniform_fibre_prefix_energy' depends on axioms: [propext, Classical.choice, Quot.sound]
'LittlewoodInverse.interlacedSet_prefix_energy' depends on axioms: [propext, Classical.choice, Quot.sound]
'LittlewoodInverse.sidon_fibres' depends on axioms: [propext, Classical.choice, Quot.sound]
'LittlewoodInverse.interlacedSet_individual_fibre' depends on axioms: [propext, Classical.choice, Quot.sound]
'LittlewoodInverse.FiniteSetPartition.sum_indicator' depends on axioms: [propext, Classical.choice, Quot.sound]
'LittlewoodInverse.signed_progression_glue_bound' depends on axioms: [propext, Classical.choice, Quot.sound]
'LittlewoodInverse.normalized_interval_moment_eq_scaledSinc' depends on axioms: [propext, Classical.choice, Quot.sound]
'LittlewoodInverse.SincFormula.normalizedMoment_interval_eq_relationCount' depends on axioms: [propext,
 Classical.choice,
 Quot.sound]
'LittlewoodInverse.SincFormula.normalizedMoment_interval_binomial' depends on axioms: [propext,
 Classical.choice,
 Quot.sound]
'LittlewoodInverse.SincFormula.sincMoment_even_eq_sum' depends on axioms: [propext, Classical.choice, Quot.sound]
'LittlewoodInverse.SincFormula.sincMoment_even_formula' depends on axioms: [propext, Classical.choice, Quot.sound]
'LittlewoodInverse.SincFormula.sincMoment_even_eq_rat' depends on axioms: [propext, Classical.choice, Quot.sound]
'LittlewoodInverse.SincMoments.abs_sinc_ge_two_div_pi' depends on axioms: [propext, Classical.choice, Quot.sound]
'LittlewoodInverse.SincMoments.abs_mul_abs_sinc_le' depends on axioms: [propext, Classical.choice, Quot.sound]
'LittlewoodInverse.SincMoments.scaledSincKernel_bounds' depends on axioms: [propext, Classical.choice, Quot.sound]
'LittlewoodInverse.SincMoments.scaledSincKernel_power_bound' depends on axioms: [propext, Classical.choice, Quot.sound]
'LittlewoodInverse.SincMoments.scaledSincKernel_measurable' depends on axioms: [propext, Classical.choice, Quot.sound]
'LittlewoodInverse.SincMoments.tendsto_scaledSincKernel' depends on axioms: [propext, Classical.choice, Quot.sound]
'LittlewoodInverse.SincMoments.sinc_power_bound' depends on axioms: [propext, Classical.choice, Quot.sound]
'LittlewoodInverse.SincMoments.integrable_sinc_power' depends on axioms: [propext, Classical.choice, Quot.sound]
'LittlewoodInverse.SincMoments.tendsto_integral_scaledSincKernel' depends on axioms: [propext,
 Classical.choice,
 Quot.sound]
'LittlewoodInverse.sine_hasDerivAt' depends on axioms: [propext, Classical.choice, Quot.sound]
'LittlewoodInverse.cosine_hasDerivAt' depends on axioms: [propext, Classical.choice, Quot.sound]
'LittlewoodInverse.fourierCoeffOn_sine' depends on axioms: [propext, Classical.choice, Quot.sound]
'LittlewoodInverse.fourierCoeff_periodicSine' depends on axioms: [propext, Classical.choice, Quot.sound]
'LittlewoodInverse.sineWeight_nonneg' depends on axioms: [propext, Classical.choice, Quot.sound]
'LittlewoodInverse.sineWeight_telescope' depends on axioms: [propext, Classical.choice, Quot.sound]
'LittlewoodInverse.sum_sineWeight' depends on axioms: [propext, Classical.choice, Quot.sound]
'LittlewoodInverse.hasSum_sineWeight_tail' depends on axioms: [propext, Classical.choice, Quot.sound]
'LittlewoodInverse.summable_fourierCoeff_periodicSine' depends on axioms: [propext, Classical.choice, Quot.sound]
'LittlewoodInverse.fourier_real_part' depends on axioms: [propext, Classical.choice, Quot.sound]
'LittlewoodInverse.sine_fourier_term_real' depends on axioms: [propext, Classical.choice, Quot.sound]
'LittlewoodInverse.hasSum_sine_cosine' depends on axioms: [propext, Classical.choice, Quot.sound]
'LittlewoodInverse.sine_cosine_truncation_error' depends on axioms: [propext, Classical.choice, Quot.sound]
'LittlewoodInverse.cyclic_spectral_almost_cover' depends on axioms: [propext,
 Classical.choice,
 Quot.sound,
 LittlewoodInverse.External.polynomial_bsg]
'LittlewoodInverse.mem_arithmeticSlab_residueHeight' depends on axioms: [propext, Classical.choice, Quot.sound]
'LittlewoodInverse.arithmeticSlab_subset' depends on axioms: [propext, Classical.choice, Quot.sound]
'LittlewoodInverse.arithmeticSlab_nonempty' depends on axioms: [propext, Classical.choice, Quot.sound]
'LittlewoodInverse.arithmeticSlab_disjoint' depends on axioms: [propext, Classical.choice, Quot.sound]
'LittlewoodInverse.arithmeticSlab_sdiff_union' depends on axioms: [propext, Classical.choice, Quot.sound]
'LittlewoodInverse.arithmeticSlab_almost_cover' depends on axioms: [propext, Classical.choice, Quot.sound]
'LittlewoodInverse.uniform_slab_cover' depends on axioms: [propext,
 Classical.choice,
 Quot.sound,
 LittlewoodInverse.External.polynomial_bsg]
'LittlewoodInverse.integral_gram_sq_le' depends on axioms: [propext, Classical.choice, Quot.sound]
'LittlewoodInverse.integral_cauchy_schwarz_sq' depends on axioms: [propext, Classical.choice, Quot.sound]
'LittlewoodInverse.integral_weighted_cauchy_schwarz_sq' depends on axioms: [propext, Classical.choice, Quot.sound]
'LittlewoodInverse.complex_pairing_fourth_le' depends on axioms: [propext, Classical.choice, Quot.sound]
'LittlewoodInverse.complex_spectral_hereditary' depends on axioms: [propext, Classical.choice, Quot.sound]
'LittlewoodInverse.spectral_hereditary_energy' depends on axioms: [propext, Classical.choice, Quot.sound]
'LittlewoodInverse.card_fourth_le_norm_sq_card_energy' depends on axioms: [propext, Classical.choice, Quot.sound]
'LittlewoodInverse.SymmetricChains.wideDecode_rank' depends on axioms: [propext, Quot.sound]
'LittlewoodInverse.SymmetricChains.wideDecode_index' depends on axioms: [propext, Quot.sound]
'LittlewoodInverse.SymmetricChains.wideDecode_encode' depends on axioms: [propext, Quot.sound]
'LittlewoodInverse.SymmetricChains.wideEncode_decode' depends on axioms: [propext, Quot.sound]
'LittlewoodInverse.SymmetricChains.wideDecode_monotone' depends on axioms: [propext, Quot.sound]
'LittlewoodInverse.SymmetricChains.gridRank_strictMono' depends on axioms: [propext, Classical.choice, Quot.sound]
'LittlewoodInverse.SymmetricChains.Decomposition.middlePoint_rank' depends on axioms: [propext, Quot.sound]
'LittlewoodInverse.SymmetricChains.Decomposition.comparable_of_same_index' depends on axioms: [propext, Quot.sound]
'LittlewoodInverse.SymmetricChains.Decomposition.antichain_card_le_middle' depends on axioms: [propext,
 Classical.choice,
 Quot.sound]
'LittlewoodInverse.SymmetricChains.grid_antichain_card_le_middle' depends on axioms: [propext,
 Classical.choice,
 Quot.sound]
'LittlewoodInverse.SymmetricChains.nonempty_grid_antichain_card_le_middle' depends on axioms: [propext,
 Classical.choice,
 Quot.sound]
'LittlewoodInverse.SymmetricChains.Decomposition.covBy_of_adjacent' depends on axioms: [propext, Quot.sound]
'LittlewoodInverse.SymmetricChains.grid_chains_saturated' depends on axioms: [propext, Classical.choice, Quot.sound]
'LittlewoodInverse.SymmetricChains.grid_rank_card_le_middle' depends on axioms: [propext, Classical.choice, Quot.sound]
'LittlewoodInverse.integral_mul_le_sqrt_moments' depends on axioms: [propext, Classical.choice, Quot.sound]
'LittlewoodInverse.integral_sum_sq_le' depends on axioms: [propext, Classical.choice, Quot.sound]
'LittlewoodInverse.integral_crossTerm_le' depends on axioms: [propext, Classical.choice, Quot.sound]
'LittlewoodInverse.coupled_whole_product' depends on axioms: [propext, Classical.choice, Quot.sound]
'LittlewoodInverse.outer_product_coupled' depends on axioms: [propext, Classical.choice, Quot.sound]
'LittlewoodInverse.TailWeights.v_pos' depends on axioms: [propext, Classical.choice, Quot.sound]
'LittlewoodInverse.TailWeights.b_zero' depends on axioms: [propext, Classical.choice, Quot.sound]
'LittlewoodInverse.TailWeights.b_ge' depends on axioms: [propext, Classical.choice, Quot.sound]
'LittlewoodInverse.TailWeights.v_sum' depends on axioms: [propext, Classical.choice, Quot.sound]
'LittlewoodInverse.TailWeights.weighted_constant' depends on axioms: [propext, Classical.choice, Quot.sound]
'LittlewoodInverse.TailWeights.constant_sum' depends on axioms: [propext, Classical.choice, Quot.sound]
'LittlewoodInverse.TailWeights.delta_nonneg' depends on axioms: [propext, Classical.choice, Quot.sound]
'LittlewoodInverse.TailWeights.tailError_eq' depends on axioms: [propext, Classical.choice, Quot.sound]
'LittlewoodInverse.TailWeights.finite_budget' depends on axioms: [propext, Classical.choice, Quot.sound]
'LittlewoodInverse.uniform_terminal_cover' depends on axioms: [propext,
 Classical.choice,
 Quot.sound,
 LittlewoodInverse.External.mps_weighted,
 LittlewoodInverse.External.polynomial_bsg]
'LittlewoodInverse.structural_inverse_theorem' depends on axioms: [propext,
 Classical.choice,
 Quot.sound,
 LittlewoodInverse.External.mps_weighted,
 LittlewoodInverse.External.polynomial_bsg]
'LittlewoodInverse.BudgetTree.leafPowerSum_le_rootBudget' depends on axioms: [propext, Classical.choice, Quot.sound]
'LittlewoodInverse.BudgetTree.leafCount_le_leafPowerSum' depends on axioms: [propext, Classical.choice, Quot.sound]
'LittlewoodInverse.BudgetTree.leaf_twentieth_budget' depends on axioms: [propext, Classical.choice, Quot.sound]
'LittlewoodInverse.BudgetTree.leafCount_le_rootBudget' depends on axioms: [propext, Classical.choice, Quot.sound]
'LittlewoodInverse.ternaryExceptions_card' depends on axioms: [propext, Classical.choice, Quot.sound]
'LittlewoodInverse.unbalancedSet_disjoint' depends on axioms: [propext, Classical.choice, Quot.sound]
'LittlewoodInverse.unbalancedSet_card' depends on axioms: [propext, Classical.choice, Quot.sound]
'LittlewoodInverse.littlewoodNorm_disjoint_union' depends on axioms: [propext, Classical.choice, Quot.sound]
'LittlewoodInverse.unbalancedSet_norm' depends on axioms: [propext, Classical.choice, Quot.sound]
'LittlewoodInverse.ternaryExceptions_succ' depends on axioms: [propext, Classical.choice, Quot.sound]
'LittlewoodInverse.unbalancedSet_zero' depends on axioms: [propext, Classical.choice, Quot.sound]
'LittlewoodInverse.unbalancedSet_succ' depends on axioms: [propext, Classical.choice, Quot.sound]
'LittlewoodInverse.zero_one_sidon' depends on axioms: [propext, Classical.choice, Quot.sound]
'LittlewoodInverse.zero_one_fibre_union' depends on axioms: [propext, Classical.choice, Quot.sound]
'LittlewoodInverse.unbalancedSet_fibre_recursion' depends on axioms: [propext, Classical.choice, Quot.sound]
'LittlewoodInverse.unbalancedSet_nonempty' depends on axioms: [propext, Classical.choice, Quot.sound]
'LittlewoodInverse.unbalancedSet_assembly' depends on axioms: [propext, Classical.choice, Quot.sound]
'LittlewoodInverse.ternaryDigitSet_card' depends on axioms: [propext, Classical.choice, Quot.sound]
'LittlewoodInverse.ternaryDigitSet_assembly' depends on axioms: [propext, Classical.choice, Quot.sound]
'LittlewoodInverse.ternaryDigitSet_norm_twentieth' depends on axioms: [propext, Classical.choice, Quot.sound]
'LittlewoodInverse.ternaryDigitValue_cons' depends on axioms: [propext, Classical.choice, Quot.sound]
'LittlewoodInverse.ternaryDigitSet_mem' depends on axioms: [propext, Classical.choice, Quot.sound]
'LittlewoodInverse.ternaryDigitSet_eq' depends on axioms: [propext, Classical.choice, Quot.sound]
'LittlewoodInverse.ternaryDigitSet_norm_lower' depends on axioms: [propext, Classical.choice, Quot.sound]
'LittlewoodInverse.logarithmicChainDepth_sqrt' depends on axioms: [propext, Classical.choice, Quot.sound]
'LittlewoodInverse.logarithmic_chain_norm' depends on axioms: [propext, Classical.choice, Quot.sound]
'LittlewoodInverse.logarithmicChainDepth_tendsto' depends on axioms: [propext, Classical.choice, Quot.sound]
'LittlewoodInverse.logarithmic_chain_low_norm' depends on axioms: [propext, Classical.choice, Quot.sound]
'LittlewoodInverse.ternaryDigitSet_eventually_not_low_norm' depends on axioms: [propext, Classical.choice, Quot.sound]
'LittlewoodInverse.UniformMoments.normalizedMoment_nonneg' depends on axioms: [propext, Classical.choice, Quot.sound]
'LittlewoodInverse.UniformMoments.card_integerInterval' depends on axioms: [propext, Classical.choice, Quot.sound]
'LittlewoodInverse.UniformMoments.normalizedMoment_even_le_interval' depends on axioms: [propext,
 Classical.choice,
 Quot.sound]
'LittlewoodInverse.UniformMoments.normalizedMoment_odd_sq_le' depends on axioms: [propext, Classical.choice, Quot.sound]
'LittlewoodInverse.UniformMoments.normalizedMoment_odd_le_sqrt' depends on axioms: [propext,
 Classical.choice,
 Quot.sound]
'LittlewoodInverse.UniformMoments.tendsto_normalizedMoment_interval' depends on axioms: [propext,
 Classical.choice,
 Quot.sound]
'LittlewoodInverse.UniformMoments.tendsto_normalizedMoment_interval_even' depends on axioms: [propext,
 Classical.choice,
 Quot.sound]
'LittlewoodInverse.UniformMoments.normalizedMoment_even_uniform' depends on axioms: [propext,
 Classical.choice,
 Quot.sound]
'LittlewoodInverse.UniformMoments.normalizedMoment_odd_le_interval_sqrt' depends on axioms: [propext,
 Classical.choice,
 Quot.sound]
'LittlewoodInverse.UniformMoments.normalizedMoment_odd_uniform' depends on axioms: [propext,
 Classical.choice,
 Quot.sound]
'LittlewoodInverse.UniformMoments.normalizedMoment_uniform' depends on axioms: [propext, Classical.choice, Quot.sound]
'LittlewoodInverse.UniformMoments.sincMoment_nat_nonneg' depends on axioms: [propext, Classical.choice, Quot.sound]
'LittlewoodInverse.UniformMoments.sincMoment_nat_le_one' depends on axioms: [propext, Classical.choice, Quot.sound]
'LittlewoodInverse.UniformMoments.sincMoment_two' depends on axioms: [propext, Classical.choice, Quot.sound]
'LittlewoodInverse.UniformMoments.normalizedMoment_interval_four' depends on axioms: [propext,
 Classical.choice,
 Quot.sound]
'LittlewoodInverse.UniformMoments.sincMoment_four' depends on axioms: [propext, Classical.choice, Quot.sound]
'LittlewoodInverse.UniformMoments.momentCoefficient_nonneg' depends on axioms: [propext, Classical.choice, Quot.sound]
'LittlewoodInverse.UniformMoments.momentCoefficient_le_one' depends on axioms: [propext, Classical.choice, Quot.sound]
'LittlewoodInverse.uniform_outer_tail_budget' depends on axioms: [propext, Classical.choice, Quot.sound]
'LittlewoodInverse.WholeProduct.pointwise_bonferroni' depends on axioms: [propext, Classical.choice, Quot.sound]
'LittlewoodInverse.WholeProduct.product_modulus' depends on axioms: [propext, Classical.choice, Quot.sound]
'LittlewoodInverse.WholeProduct.norm_sub_one_sq' depends on axioms: [propext, Classical.choice, Quot.sound]
'LittlewoodInverse.WholeProduct.integral_error_identity' depends on axioms: [propext, Classical.choice, Quot.sound]
'LittlewoodInverse.WholeProduct.estimate' depends on axioms: [propext, Classical.choice, Quot.sound]
